year,firm_ID,accounting_standard
2015,1,1
2016,1,1
2017,1,1
2018,1,1
2019,1,1
2020,1,1
2015,2,1
2016,2,1
2017,2,1
2018,2,1
2019,2,1
2020,2,1
2015,3,1
2016,3,1
2017,3,3
2018,3,3
2019,3,3
2020,3,3
2015,4,1
2016,4,1
2017,4,1
2018,4,1
2019,4,1
2020,4,1
2015,5,1
2016,5,1
2017,5,1
2018,5,1
2019,5,1
2020,5,1
2015,6,1
2016,6,1
2017,6,1
2018,6,1
2019,6,1
2015,7,1
2016,7,1
2017,7,1
2018,7,1
2019,7,1
2020,7,1
2017,8,1
2018,8,3
2019,8,3
2020,8,3
2015,9,1
2016,9,1
2017,9,1
2018,9,1
2019,9,1
2020,9,1
2015,10,2
2016,10,2
2017,10,2
2018,10,2
2019,10,2
2020,10,2
2015,11,1
2016,11,1
2017,11,1
2018,11,1
2019,11,1
2020,11,1
2015,12,2
2016,12,2
2017,12,2
2018,12,2
2019,12,2
2020,12,2
2015,13,1
2016,13,1
2017,13,1
2018,13,1
2019,13,1
2020,13,1
2015,14,1
2016,14,1
2017,14,1
2018,14,1
2019,14,1
2020,14,1
2015,15,1
2016,15,2
2017,15,2
2018,15,2
2019,15,2
2020,15,2
2015,16,1
2016,16,1
2017,16,1
2018,16,2
2019,16,2
2020,16,2
2015,17,1
2016,17,1
2017,17,1
2018,17,3
2019,17,3
2020,17,3
2015,18,1
2016,18,1
2017,18,1
2018,18,1
2019,18,1
2020,18,1
2015,19,2
2015,20,1
2016,20,1
2017,20,1
2018,20,1
2019,20,1
2020,20,1
2015,21,1
2016,21,1
2017,21,1
2018,21,1
2019,21,1
2020,21,1
2015,22,1
2016,22,1
2017,23,2
2018,23,2
2019,23,2
2020,23,2
2015,24,1
2016,24,1
2017,24,1
2018,24,1
2019,24,1
2020,24,1
2015,25,2
2016,25,2
2017,25,2
2018,25,2
2019,25,2
2020,25,3
2015,26,1
2016,26,1
2017,26,1
2015,27,1
2016,27,1
2017,27,1
2018,27,1
2019,27,1
2020,27,1
2015,28,1
2016,28,1
2017,28,1
2018,28,1
2019,28,1
2020,28,1
2015,29,1
2016,29,1
2017,29,1
2018,29,1
2019,29,1
2020,29,1
2015,30,1
2016,30,1
2017,30,1
2018,30,1
2019,30,3
2020,30,3
2015,31,2
2016,31,2
2017,31,2
2018,31,2
2019,31,2
2020,31,2
2015,32,1
2016,32,1
2017,32,1
2018,32,1
2019,32,1
2020,32,1
2015,33,1
2016,33,1
2017,33,1
2018,33,1
2019,33,1
2020,33,1
2015,34,1
2016,34,1
2017,34,1
2018,34,1
2019,34,1
2020,34,1
2015,35,2
2016,35,2
2017,35,2
2018,35,2
2019,35,2
2020,35,2
2018,36,2
2019,36,2
2020,36,2
2015,37,2
2016,37,2
2017,37,2
2018,37,2
2019,37,2
2020,37,2
2015,38,1
2016,38,1
2017,38,1
2018,38,1
2019,38,1
2020,38,1
2019,39,1
2020,39,1
2015,40,1
2016,40,1
2017,40,1
2018,40,1
2019,40,1
2020,40,1
2020,41,3
2015,42,1
2016,42,1
2017,42,1
2018,42,1
2019,42,1
2020,42,1
2018,43,1
2019,43,1
2020,43,1
2015,44,1
2016,44,1
2017,44,1
2018,44,1
2019,44,1
2020,44,1
2015,45,1
2016,45,1
2017,45,1
2018,45,1
2019,45,1
2020,45,1
2015,46,2
2016,46,2
2017,46,2
2018,46,2
2019,46,3
2020,46,3
2015,47,1
2016,47,1
2017,47,1
2018,47,1
2019,47,1
2019,48,1
2020,48,1
2015,49,1
2015,50,2
2016,50,2
2017,50,2
2018,50,2
2019,50,2
2020,50,2
2015,51,1
2020,52,1
2015,53,1
2016,53,1
2017,53,1
2018,53,1
2019,53,1
2020,53,1
2015,54,1
2016,54,1
2017,54,1
2018,54,1
2019,54,1
2020,54,2
2015,55,1
2016,55,1
2017,55,1
2018,55,1
2019,55,1
2020,55,1
2015,56,1
2016,56,1
2017,56,1
2018,56,1
2019,56,1
2020,56,1
2015,57,1
2016,57,1
2017,57,1
2018,57,1
2019,57,1
2020,57,1
2015,58,1
2016,58,1
2017,58,1
2018,58,1
2019,58,1
2020,58,1
2015,59,1
2016,59,1
2017,59,1
2018,59,1
2019,59,1
2020,59,1
2015,60,1
2016,60,1
2017,60,1
2018,60,1
2019,60,1
2015,61,1
2016,61,1
2017,61,1
2018,61,1
2019,61,1
2020,61,1
2019,62,1
2020,62,1
2017,63,1
2018,63,1
2019,63,1
2020,63,1
2015,64,1
2016,64,1
2017,64,1
2018,64,1
2019,64,1
2020,64,1
2017,65,1
2018,65,1
2019,65,1
2020,65,3
2015,66,1
2016,66,1
2017,66,1
2018,66,1
2019,66,1
2020,66,1
2015,67,1
2016,67,1
2017,67,1
2018,67,1
2019,67,1
2020,67,1
2015,68,1
2016,68,1
2017,68,1
2018,68,1
2019,68,2
2020,68,2
2015,69,1
2016,69,1
2017,69,1
2018,69,1
2019,69,1
2020,69,3
2015,70,2
2016,70,2
2017,70,2
2018,70,2
2019,70,2
2020,70,2
2015,71,1
2016,71,1
2017,71,1
2018,71,1
2019,71,1
2015,72,1
2016,72,1
2017,72,1
2018,72,1
2019,72,1
2020,72,1
2015,73,1
2016,73,1
2015,74,1
2016,74,1
2017,74,1
2018,74,1
2019,74,1
2020,74,1
2015,75,1
2016,75,1
2017,75,1
2018,75,1
2015,76,1
2016,76,1
2015,77,1
2016,77,1
2017,77,1
2018,77,1
2019,77,3
2020,77,3
2015,78,1
2016,78,1
2017,78,1
2018,78,1
2019,78,1
2020,78,1
2015,79,1
2016,79,1
2015,80,1
2016,80,1
2017,80,1
2018,80,1
2019,80,1
2020,80,1
2016,81,1
2017,81,1
2018,81,1
2019,81,1
2020,81,1
2019,82,1
2020,82,2
2015,83,1
2016,83,1
2017,83,1
2018,83,1
2019,83,1
2020,83,1
2015,84,1
2016,84,1
2017,84,1
2018,84,1
2019,84,1
2020,84,1
2015,85,1
2016,85,1
2017,85,1
2018,85,1
2019,85,1
2020,85,1
2017,86,1
2015,87,1
2016,87,1
2017,87,1
2018,87,1
2019,87,1
2020,87,1
2015,88,2
2016,88,2
2017,88,2
2018,88,2
2019,88,2
2020,88,2
2015,89,2
2016,89,2
2017,89,1
2018,89,1
2019,89,1
2020,89,1
2017,90,1
2018,90,1
2019,90,1
2020,90,1
2015,91,1
2016,91,1
2017,91,2
2018,91,2
2019,91,2
2015,92,1
2016,92,1
2017,92,1
2018,92,2
2019,92,2
2020,92,2
2015,93,1
2016,93,1
2017,93,2
2018,93,2
2019,93,2
2020,93,2
2015,94,2
2016,94,2
2017,94,2
2018,94,2
2019,94,2
2020,94,1
2018,95,1
2019,95,1
2020,95,1
2015,96,2
2016,96,2
2017,96,2
2015,97,1
2016,97,1
2017,97,1
2018,97,1
2019,97,1
2020,97,1
2015,98,2
2016,98,2
2017,98,2
2018,98,2
2019,98,2
2020,98,2
2015,99,2
2016,99,2
2017,99,2
2018,99,2
2019,99,2
2020,99,2
2015,100,1
2016,100,1
2017,100,1
2018,100,1
2019,100,1
2020,100,1
2015,101,2
2016,101,2
2017,101,2
2018,101,2
2019,101,2
2020,101,2
2015,102,1
2016,102,1
2017,102,1
2018,102,1
2019,102,1
2020,102,1
2015,103,2
2016,103,2
2017,103,2
2018,103,2
2019,103,2
2020,103,2
2015,104,1
2016,104,1
2017,104,1
2018,104,1
2019,104,1
2020,104,2
2015,105,1
2016,105,1
2017,105,1
2018,105,1
2019,105,1
2020,105,1
2015,106,2
2016,106,2
2017,106,2
2018,106,2
2019,106,2
2020,106,2
2015,107,2
2016,107,2
2017,107,2
2018,107,2
2019,107,2
2020,107,2
2017,108,1
2018,108,1
2019,108,1
2020,108,1
2015,109,1
2016,109,1
2017,109,1
2018,109,1
2019,109,1
2020,109,1
2015,110,1
2016,110,1
2017,110,1
2018,110,1
2019,110,1
2020,110,1
2015,111,1
2016,111,1
2017,111,1
2018,111,1
2019,111,1
2020,111,1
2015,112,1
2016,112,1
2017,112,1
2018,112,2
2019,112,2
2015,113,1
2016,113,1
2017,113,1
2018,113,1
2019,113,1
2020,113,1
2015,114,1
2016,114,1
2017,114,1
2018,114,1
2019,114,1
2020,114,1
2015,115,1
2016,115,1
2017,115,1
2018,115,3
2019,115,3
2020,115,3
2015,116,1
2016,116,1
2017,116,1
2018,116,1
2019,116,2
2020,116,2
2015,117,1
2016,117,1
2017,117,1
2018,117,1
2019,117,1
2020,117,1
2015,118,1
2016,118,1
2015,119,1
2016,119,1
2017,119,1
2018,119,1
2019,119,1
2020,119,1
2015,120,1
2016,120,1
2017,120,1
2018,120,1
2019,120,1
2020,120,1
2016,121,2
2017,121,2
2018,121,2
2019,121,2
2020,121,2
2015,122,1
2016,122,1
2017,122,1
2018,122,1
2019,122,1
2020,122,1
2015,123,1
2016,123,1
2017,123,1
2018,123,1
2019,123,1
2020,123,1
2015,124,1
2016,124,1
2017,124,1
2018,124,1
2019,124,1
2020,124,1
2015,125,1
2016,125,1
2017,125,1
2018,125,1
2019,125,1
2020,125,1
2020,126,1
2015,127,1
2016,127,1
2017,127,1
2018,127,1
2019,127,1
2020,127,1
2015,128,2
2016,128,2
2017,128,2
2018,128,2
2019,128,3
2020,128,3
2015,129,1
2016,129,1
2015,130,2
2016,130,2
2017,130,2
2018,130,2
2019,130,2
2020,130,1
2018,131,3
2019,131,3
2020,131,3
2015,132,1
2016,132,1
2017,132,1
2018,132,3
2019,132,3
2020,132,3
2019,133,1
2020,133,1
2015,134,1
2016,134,1
2017,134,2
2015,135,1
2016,135,1
2017,135,1
2018,135,1
2019,135,1
2020,135,1
2015,136,1
2016,136,1
2017,136,1
2018,136,1
2019,136,1
2015,137,1
2016,137,1
2017,137,1
2018,137,1
2019,137,1
2020,137,1
2015,138,1
2016,138,2
2017,138,2
2018,138,2
2019,138,2
2020,138,2
2017,139,1
2018,139,1
2019,139,1
2020,139,1
2015,140,1
2016,140,1
2017,140,1
2018,140,1
2019,140,1
2020,140,1
2015,141,1
2016,141,1
2017,141,1
2018,141,1
2019,141,3
2020,141,3
2015,142,1
2016,142,1
2017,142,1
2018,142,1
2019,142,1
2020,142,1
2015,143,1
2016,143,1
2017,143,1
2018,143,1
2019,143,1
2020,143,2
2015,144,2
2016,144,2
2017,144,2
2018,144,2
2019,144,2
2020,144,2
2015,145,1
2016,145,1
2017,145,1
2018,145,1
2019,145,1
2020,145,1
2016,146,1
2017,146,1
2018,146,1
2019,146,3
2020,146,3
2015,147,1
2016,147,1
2017,147,1
2018,147,1
2019,147,1
2020,147,1
2015,148,1
2016,148,1
2017,148,1
2018,148,1
2019,148,1
2020,148,1
2016,149,1
2017,149,1
2018,149,1
2019,149,1
2020,149,1
2020,150,1
2015,151,1
2018,152,1
2019,152,1
2020,152,1
2015,153,1
2016,153,1
2017,153,1
2018,153,1
2019,153,1
2020,153,1
2015,154,1
2016,154,1
2017,154,1
2018,154,1
2019,154,1
2020,154,1
2015,155,1
2016,155,1
2017,155,3
2018,155,3
2019,155,3
2020,155,3
2015,156,1
2016,156,1
2017,156,1
2018,156,1
2019,156,1
2020,156,1
2015,157,1
2016,157,1
2017,157,1
2018,157,1
2019,157,1
2015,158,1
2016,158,1
2017,158,1
2018,158,1
2019,158,1
2020,158,1
2015,159,1
2016,159,1
2017,159,1
2018,159,1
2019,159,1
2020,159,1
2018,160,1
2019,160,1
2020,160,1
2015,161,1
2016,161,1
2017,161,1
2018,161,1
2019,161,1
2020,161,1
2019,162,2
2020,162,2
2015,163,1
2016,163,1
2017,163,3
2018,163,3
2019,163,3
2020,163,3
2015,164,1
2016,164,3
2017,164,3
2018,164,3
2019,164,3
2020,164,3
2015,165,1
2016,165,1
2017,165,1
2018,165,1
2019,165,1
2020,165,1
2015,166,1
2016,166,1
2017,166,2
2018,166,2
2019,166,2
2020,166,2
2015,167,1
2016,167,1
2017,167,1
2018,167,1
2019,167,1
2020,167,1
2015,168,1
2016,168,1
2017,168,1
2018,168,1
2019,168,1
2020,168,1
2018,169,2
2019,169,2
2020,169,2
2015,170,1
2016,170,1
2017,170,1
2018,170,1
2019,170,2
2020,170,2
2019,171,3
2020,171,3
2015,172,1
2016,172,1
2017,172,1
2018,172,1
2019,172,1
2020,172,1
2015,173,2
2016,173,2
2017,173,2
2018,173,2
2019,173,2
2020,173,2
2015,174,1
2016,174,3
2017,174,3
2018,174,3
2019,174,3
2020,174,3
2015,175,1
2016,175,1
2017,175,1
2018,175,1
2019,175,1
2020,175,1
2015,176,1
2016,176,1
2017,176,1
2018,176,1
2019,176,1
2020,176,1
2015,177,1
2016,177,1
2017,177,1
2018,177,1
2019,177,1
2020,177,1
2015,178,1
2016,178,1
2017,178,1
2018,178,1
2019,178,1
2015,179,2
2016,179,2
2017,179,2
2018,179,2
2019,179,2
2020,179,2
2015,180,1
2016,180,1
2017,180,1
2018,180,1
2019,180,1
2020,180,1
2015,181,1
2016,181,1
2017,181,1
2018,181,1
2019,181,1
2020,181,1
2015,182,1
2016,182,1
2017,182,1
2018,182,1
2019,182,2
2020,182,2
2015,183,1
2016,183,1
2017,183,1
2018,183,1
2019,183,1
2020,183,1
2015,184,1
2016,184,1
2017,184,1
2018,184,1
2019,184,1
2020,184,1
2015,185,2
2016,185,3
2017,185,3
2018,185,3
2019,185,3
2020,185,3
2015,186,1
2016,186,1
2017,186,1
2018,186,1
2019,186,2
2020,186,2
2017,187,1
2018,187,1
2019,187,1
2020,187,1
2015,188,1
2016,188,1
2017,188,1
2018,188,1
2019,188,1
2020,188,1
2015,189,1
2015,190,1
2016,190,1
2017,190,1
2015,191,2
2016,191,2
2017,191,2
2018,191,2
2019,191,2
2020,191,2
2015,192,1
2016,192,1
2017,192,1
2018,192,1
2019,192,1
2020,192,1
2015,193,1
2016,193,1
2017,193,1
2015,194,1
2016,194,1
2017,194,1
2018,194,1
2019,194,1
2020,194,1
2015,195,1
2016,195,1
2017,195,1
2018,195,1
2019,195,1
2020,195,1
2015,196,1
2016,196,1
2017,196,1
2018,196,1
2019,196,1
2020,196,1
2015,197,1
2016,197,1
2017,197,1
2018,197,1
2019,197,1
2020,197,1
2015,198,1
2016,198,1
2017,198,1
2018,198,1
2019,198,1
2020,198,1
2015,199,1
2016,199,1
2017,199,1
2018,199,1
2015,200,1
2016,200,1
2017,200,1
2018,200,1
2019,200,1
2020,200,1
2015,201,1
2016,201,1
2017,201,1
2018,201,1
2019,201,1
2020,201,1
2015,202,1
2016,202,1
2017,202,1
2018,202,1
2019,202,1
2020,202,1
2015,203,1
2016,203,1
2017,203,1
2018,203,1
2019,203,1
2020,203,1
2015,204,1
2016,204,1
2017,204,1
2018,204,1
2019,204,1
2020,204,1
2015,205,2
2016,205,2
2017,205,2
2018,205,2
2019,205,2
2020,205,2
2016,206,1
2020,207,1
2015,208,1
2016,208,1
2017,208,1
2018,208,1
2019,208,1
2020,208,1
2015,209,1
2016,209,1
2017,209,1
2018,209,1
2019,209,1
2020,209,1
2015,210,2
2016,210,2
2017,210,2
2018,210,2
2019,210,2
2015,211,1
2016,211,1
2017,211,1
2018,211,1
2019,211,1
2020,211,1
2015,212,1
2016,212,1
2017,212,1
2018,212,1
2019,212,1
2020,212,1
2015,213,1
2016,213,1
2017,213,2
2018,213,2
2019,213,2
2020,213,2
2018,214,1
2019,214,1
2020,214,1
2015,215,1
2016,215,1
2017,215,1
2017,216,1
2018,216,1
2019,216,1
2020,216,1
2019,217,1
2020,217,1
2018,218,1
2019,218,1
2020,218,1
2015,219,1
2016,219,1
2017,219,1
2018,219,3
2019,219,3
2020,219,3
2015,220,1
2015,221,1
2016,221,1
2017,221,1
2018,221,1
2019,221,1
2020,221,1
2015,222,2
2016,222,2
2017,222,2
2018,222,2
2019,222,2
2020,222,2
2015,223,1
2015,224,1
2016,224,1
2017,224,1
2018,224,1
2019,224,2
2020,224,2
2015,225,1
2016,225,1
2017,225,1
2018,225,1
2019,225,1
2020,225,1
2015,226,1
2016,226,1
2017,226,1
2018,226,1
2019,226,1
2020,226,1
2015,227,1
2016,227,1
2017,227,1
2018,227,1
2019,227,1
2020,227,1
2015,228,1
2016,228,1
2017,228,1
2018,228,1
2019,228,1
2020,228,1
2015,229,1
2016,229,1
2017,229,1
2018,229,1
2019,229,1
2020,229,1
2015,230,1
2016,230,1
2017,230,1
2018,230,1
2019,230,1
2020,230,1
2015,231,2
2016,231,2
2017,231,2
2018,231,2
2019,231,2
2020,231,2
2015,232,1
2016,232,1
2017,232,1
2018,232,1
2019,232,1
2020,232,1
2015,233,1
2016,233,1
2017,233,1
2018,233,1
2019,233,1
2020,233,1
2015,234,1
2016,234,1
2017,234,1
2018,234,1
2019,234,1
2020,234,1
2015,235,1
2016,235,1
2017,235,1
2015,236,1
2016,236,1
2017,236,1
2018,236,1
2019,236,1
2020,236,1
2015,237,1
2016,237,1
2017,237,1
2018,237,1
2019,237,1
2020,237,1
2015,238,1
2016,238,1
2017,238,1
2018,238,2
2019,238,2
2020,238,2
2015,239,1
2016,239,1
2017,239,1
2018,239,1
2019,239,1
2020,239,1
2015,240,1
2016,240,1
2017,240,1
2018,240,1
2019,240,1
2020,240,1
2015,241,1
2016,241,1
2017,241,1
2018,241,1
2019,241,1
2020,241,1
2015,242,1
2016,242,1
2017,242,1
2018,242,1
2019,242,1
2020,242,1
2015,243,1
2016,243,1
2017,243,1
2018,243,1
2019,243,1
2020,243,1
2015,244,1
2016,244,1
2017,244,1
2018,244,1
2019,244,1
2020,244,1
2015,245,2
2016,245,2
2017,245,2
2018,245,2
2019,245,2
2020,245,2
2015,246,2
2016,246,2
2017,246,2
2018,246,2
2019,246,2
2020,246,2
2015,247,1
2016,247,1
2017,247,1
2018,247,1
2019,247,1
2020,247,1
2016,248,1
2017,248,1
2018,248,1
2019,248,1
2020,248,1
2015,249,1
2016,249,1
2017,249,1
2018,249,1
2019,249,1
2020,249,1
2015,250,1
2016,250,1
2017,250,1
2018,250,1
2019,250,1
2020,250,1
2015,251,1
2016,251,1
2017,251,1
2018,251,1
2019,251,1
2020,251,1
2015,252,1
2016,252,1
2017,252,1
2018,252,1
2019,252,1
2020,252,2
2015,253,1
2016,253,1
2017,253,1
2018,253,1
2019,253,1
2020,253,1
2015,254,2
2016,254,2
2017,254,2
2018,254,2
2019,254,2
2020,254,2
2016,255,1
2017,255,1
2018,255,1
2019,255,1
2020,255,1
2015,256,1
2016,256,1
2017,256,1
2018,256,1
2019,256,1
2020,256,1
2016,257,1
2017,257,1
2018,257,1
2019,257,1
2020,257,1
2015,258,1
2016,258,1
2017,258,1
2018,258,1
2019,258,1
2020,258,1
2015,259,1
2016,259,2
2017,259,2
2018,259,2
2019,259,2
2020,259,2
2015,260,1
2016,260,1
2017,260,1
2018,260,1
2019,260,1
2020,260,1
2015,261,2
2016,261,2
2017,261,2
2018,261,2
2019,261,2
2020,261,2
2015,262,1
2016,262,1
2017,262,1
2018,262,1
2019,262,1
2020,262,1
2015,263,1
2016,263,1
2017,263,1
2015,264,2
2016,264,2
2017,264,2
2018,264,2
2019,264,2
2020,264,2
2015,265,1
2015,266,2
2016,266,1
2017,266,1
2018,266,1
2019,266,1
2020,266,1
2015,267,1
2016,267,1
2017,267,1
2018,267,1
2019,267,1
2020,267,1
2015,268,1
2016,268,1
2017,268,1
2018,268,1
2019,268,1
2020,268,1
2015,269,1
2016,269,1
2017,269,1
2018,269,1
2019,269,1
2020,269,1
2019,270,1
2020,270,1
2020,271,2
2015,272,1
2016,272,1
2017,272,1
2018,272,1
2019,272,1
2020,272,1
2015,273,1
2016,273,1
2017,273,1
2018,273,1
2019,273,1
2020,273,1
2018,274,2
2019,274,2
2020,274,2
2015,275,1
2016,275,3
2017,275,3
2018,275,3
2019,275,3
2020,275,3
2015,276,1
2015,277,1
2016,277,1
2017,277,1
2018,277,1
2019,277,1
2020,277,1
2015,278,1
2016,278,1
2017,278,3
2018,278,3
2019,278,3
2020,278,3
2015,279,1
2016,279,1
2017,279,1
2018,279,1
2019,279,1
2020,279,1
2015,280,1
2016,280,1
2017,280,1
2018,280,1
2019,280,1
2020,280,3
2015,281,2
2016,281,2
2017,281,2
2018,281,2
2019,281,2
2020,281,1
2015,282,1
2016,282,1
2017,282,1
2018,282,1
2019,282,1
2020,282,1
2015,283,1
2016,283,1
2017,283,1
2018,283,1
2019,283,1
2020,283,1
2018,284,1
2019,284,1
2020,284,1
2015,285,1
2016,285,1
2017,285,1
2018,285,1
2019,285,1
2020,285,1
2015,286,1
2016,286,1
2017,286,1
2018,286,1
2019,286,1
2020,286,1
2015,287,1
2016,287,1
2017,287,1
2018,287,1
2019,287,1
2020,287,1
2015,288,1
2016,288,1
2017,288,1
2018,288,1
2019,288,1
2020,288,1
2018,289,1
2019,289,1
2020,289,1
2015,290,1
2016,290,1
2017,290,1
2018,290,1
2019,290,1
2020,290,1
2015,291,1
2016,291,1
2017,291,1
2018,291,1
2019,291,1
2020,291,1
2015,292,2
2016,292,2
2017,292,2
2018,292,2
2019,292,2
2020,292,2
2015,293,2
2016,293,2
2017,293,2
2018,293,2
2019,293,2
2020,293,2
2015,294,1
2016,294,1
2017,294,1
2018,294,1
2019,294,1
2020,294,1
2015,295,1
2016,295,1
2017,295,1
2018,295,1
2019,295,1
2020,295,1
2015,296,1
2016,296,1
2017,296,1
2018,296,1
2019,296,1
2020,296,1
2015,297,1
2016,297,2
2017,297,2
2018,297,2
2019,297,2
2020,297,2
2015,298,2
2016,298,2
2017,298,2
2018,298,2
2019,298,2
2020,298,2
2017,299,1
2018,299,1
2019,299,1
2020,299,1
2015,300,1
2016,300,1
2017,300,1
2018,300,1
2019,300,1
2020,300,1
2015,301,1
2016,301,1
2017,301,1
2018,301,1
2019,301,1
2020,301,1
2015,302,2
2016,302,3
2017,302,3
2018,302,3
2019,302,3
2020,302,3
2015,303,1
2016,303,1
2017,303,1
2018,303,1
2019,303,1
2020,303,1
2015,304,1
2016,304,1
2017,304,1
2018,304,1
2019,304,1
2020,304,1
2018,305,1
2019,305,1
2020,305,1
2019,306,1
2020,306,1
2015,307,1
2015,308,2
2016,308,2
2017,308,2
2018,308,2
2019,308,2
2020,308,2
2015,309,1
2016,309,1
2017,309,1
2018,309,1
2019,309,1
2020,309,1
2019,310,2
2020,310,2
2015,311,1
2016,311,1
2017,311,1
2018,311,1
2019,311,1
2020,311,1
2015,312,1
2016,312,1
2017,312,1
2018,312,1
2019,312,1
2020,312,1
2015,313,1
2016,313,1
2017,313,1
2018,313,1
2019,313,1
2020,313,1
2015,314,1
2016,314,1
2017,314,1
2018,314,1
2019,314,1
2020,314,1
2015,315,1
2016,315,1
2017,315,1
2018,315,1
2019,315,1
2020,315,1
2015,316,1
2016,316,2
2017,316,2
2018,316,2
2019,316,2
2020,316,2
2020,317,1
2015,318,1
2016,318,1
2017,318,1
2018,318,1
2019,318,1
2020,318,1
2015,319,1
2016,319,1
2017,319,1
2018,319,1
2019,319,1
2020,319,1
2015,320,1
2016,320,1
2017,320,1
2018,320,1
2019,320,1
2020,320,1
2015,321,2
2016,321,2
2017,321,2
2018,321,2
2019,321,2
2020,321,2
2019,322,3
2020,322,3
2015,323,1
2016,323,1
2017,323,1
2018,323,1
2019,323,1
2020,323,1
2020,324,2
2019,325,1
2020,325,1
2015,326,1
2016,326,1
2017,326,1
2018,326,1
2019,326,1
2020,326,1
2015,327,1
2016,327,1
2017,327,1
2018,327,1
2019,327,1
2020,327,1
2015,328,1
2016,328,1
2017,328,1
2018,328,1
2019,328,1
2020,328,1
2015,329,1
2016,329,1
2017,329,1
2018,329,1
2019,329,1
2020,329,1
2015,330,1
2016,330,1
2017,330,1
2018,330,1
2019,330,1
2020,330,1
2015,331,1
2016,331,1
2017,331,1
2018,331,1
2019,331,1
2020,331,1
2019,332,1
2020,332,1
2015,333,1
2016,333,1
2017,333,1
2018,333,1
2019,333,1
2020,333,1
2015,334,1
2016,334,1
2017,334,1
2018,334,1
2019,334,1
2020,334,1
2015,335,1
2016,335,1
2017,335,1
2018,335,1
2019,335,1
2020,335,1
2016,336,1
2017,336,1
2018,336,1
2019,336,1
2020,336,1
2015,337,1
2016,337,1
2017,337,1
2018,337,1
2019,337,1
2020,337,1
2017,338,1
2018,338,1
2019,338,1
2020,338,1
2017,339,1
2018,339,1
2019,339,1
2020,339,1
2015,340,1
2016,340,1
2017,340,1
2018,340,1
2019,340,1
2020,340,1
2015,341,1
2016,341,1
2017,341,1
2018,341,1
2019,341,1
2020,341,1
2015,342,1
2016,342,1
2017,342,1
2018,342,1
2019,342,1
2020,342,1
2015,343,2
2016,343,2
2017,343,2
2018,343,2
2019,343,2
2020,343,2
2015,344,2
2016,344,2
2017,344,2
2018,344,2
2019,344,2
2020,344,2
2015,345,1
2016,345,1
2017,345,1
2018,345,1
2019,345,1
2020,345,1
2015,346,1
2016,346,1
2017,346,1
2018,346,1
2019,346,1
2020,346,1
2015,347,2
2016,347,2
2017,347,2
2018,347,2
2019,347,2
2020,347,2
2020,348,1
2015,349,1
2016,349,1
2017,349,1
2018,349,1
2019,349,1
2020,349,1
2015,350,1
2016,350,1
2017,350,1
2018,350,1
2019,350,1
2020,350,1
2015,351,1
2016,351,1
2017,351,1
2018,351,1
2019,351,1
2020,351,1
2015,352,1
2016,352,1
2017,352,1
2018,352,1
2019,352,1
2020,352,1
2015,353,1
2016,353,1
2017,353,3
2018,353,3
2019,353,3
2020,353,3
2015,354,1
2016,354,1
2017,354,1
2018,354,3
2019,354,3
2020,354,3
2015,355,1
2016,355,1
2017,355,1
2018,355,1
2019,355,1
2020,355,1
2015,356,1
2016,356,1
2017,356,1
2018,356,1
2019,356,1
2020,356,1
2015,357,1
2016,357,1
2017,357,1
2018,357,1
2019,357,1
2020,357,1
2015,358,1
2016,358,1
2017,358,1
2018,358,1
2019,358,1
2020,358,1
2015,359,1
2016,359,1
2017,359,1
2018,359,1
2019,359,1
2020,359,1
2015,360,1
2016,360,1
2017,360,1
2018,360,1
2019,360,1
2020,360,1
2020,361,2
2019,362,1
2020,362,1
2015,363,2
2016,363,2
2017,363,2
2018,363,2
2019,363,2
2020,363,2
2015,364,1
2016,364,1
2017,364,1
2018,364,1
2019,364,1
2020,364,1
2015,365,1
2016,365,1
2017,365,1
2018,365,1
2019,365,1
2020,365,1
2015,366,1
2016,366,1
2017,366,1
2018,366,1
2019,366,1
2020,366,1
2015,367,1
2016,367,1
2017,367,1
2018,367,1
2019,367,1
2020,367,1
2015,368,1
2016,368,1
2017,368,1
2018,368,1
2019,368,1
2020,368,1
2015,369,1
2016,369,1
2017,369,1
2018,369,1
2019,369,1
2020,369,1
2015,370,1
2016,370,1
2017,370,1
2018,370,1
2019,370,1
2020,370,2
2015,371,1
2016,371,1
2017,371,1
2018,371,1
2019,371,1
2020,371,1
2015,372,1
2016,372,1
2017,372,1
2018,372,1
2019,372,3
2020,372,3
2015,373,1
2016,373,1
2017,373,1
2018,373,1
2019,373,1
2020,373,1
2015,374,1
2016,374,1
2017,374,1
2018,374,1
2019,374,1
2020,374,1
2015,375,1
2016,375,1
2017,375,1
2015,376,1
2016,376,1
2017,376,1
2018,376,1
2019,376,1
2020,376,1
2015,377,1
2016,377,1
2015,378,1
2016,378,1
2017,378,1
2018,378,1
2019,378,1
2020,378,3
2019,379,3
2020,379,3
2020,380,1
2015,381,1
2016,381,1
2017,381,1
2018,381,1
2019,381,1
2020,381,1
2015,382,1
2016,382,1
2017,382,1
2018,382,1
2019,382,1
2020,382,1
2015,383,1
2016,383,1
2017,383,1
2018,383,1
2019,383,1
2020,383,1
2015,384,2
2016,384,2
2017,384,2
2018,384,2
2019,384,2
2020,384,2
2015,385,1
2016,385,1
2017,385,1
2018,385,1
2019,385,1
2020,385,1
2015,386,1
2016,386,1
2017,386,1
2018,386,1
2019,386,1
2020,386,1
2015,387,2
2016,387,2
2017,387,2
2018,387,2
2019,387,2
2020,387,2
2015,388,2
2016,388,2
2017,388,2
2018,388,2
2019,388,2
2020,388,2
2015,389,1
2016,389,1
2017,389,1
2018,389,1
2019,389,1
2020,389,1
2015,390,1
2016,390,1
2017,390,1
2018,390,1
2019,390,1
2020,390,1
2015,391,1
2016,391,1
2017,391,2
2018,391,2
2019,391,2
2020,391,2
2015,392,2
2016,392,2
2017,392,2
2018,392,2
2019,392,3
2020,392,3
2015,393,1
2016,393,1
2017,393,1
2018,393,1
2019,393,1
2020,393,1
2015,394,1
2016,394,1
2017,394,1
2018,394,1
2019,394,1
2020,394,1
2015,395,1
2016,395,1
2017,395,1
2018,395,2
2019,395,2
2020,395,2
2015,396,1
2016,396,1
2017,396,1
2018,396,1
2019,396,1
2020,396,1
2015,397,1
2016,397,1
2017,397,1
2018,397,1
2019,397,1
2020,397,1
2015,398,1
2016,398,1
2017,398,1
2018,398,1
2019,398,1
2020,398,1
2015,399,1
2016,399,1
2017,399,1
2018,399,1
2019,399,1
2020,399,1
2020,400,1
2015,401,1
2016,401,1
2017,401,1
2018,401,1
2019,401,1
2020,401,1
2017,402,1
2018,402,1
2019,402,1
2020,402,1
2015,403,1
2016,403,1
2017,403,3
2018,403,3
2019,403,3
2020,403,3
2015,404,1
2015,405,1
2016,405,1
2017,405,1
2018,405,1
2019,405,1
2020,405,1
2015,406,2
2016,406,2
2017,406,2
2018,406,2
2019,406,2
2020,406,2
2015,407,2
2016,407,2
2017,407,2
2018,407,2
2019,407,2
2020,407,2
2015,408,1
2016,408,1
2017,408,1
2018,408,1
2019,408,1
2020,408,1
2015,409,1
2016,409,1
2017,409,1
2018,409,1
2019,409,1
2020,409,1
2016,410,1
2017,410,1
2018,410,1
2019,410,1
2020,410,1
2015,411,1
2016,411,1
2017,411,1
2018,411,1
2019,411,1
2020,411,1
2015,412,2
2016,412,2
2017,412,2
2018,412,2
2015,413,1
2016,413,1
2017,413,1
2018,413,1
2019,413,1
2020,413,1
2015,414,1
2016,414,1
2017,414,1
2018,414,1
2016,415,1
2017,415,1
2018,415,1
2019,415,1
2020,415,1
2015,416,1
2016,416,1
2017,416,1
2018,416,1
2019,416,1
2020,416,1
2015,417,1
2016,417,1
2017,417,1
2018,417,1
2019,417,1
2020,417,1
2015,418,1
2016,418,1
2017,418,1
2018,418,1
2019,418,1
2020,418,1
2015,419,1
2016,419,1
2017,419,1
2018,419,1
2019,419,1
2020,419,1
2015,420,1
2016,420,1
2017,420,2
2018,420,2
2019,420,2
2020,420,2
2015,421,1
2016,421,1
2017,421,3
2018,421,3
2019,421,3
2020,421,3
2015,422,2
2016,422,2
2017,422,2
2018,422,2
2019,422,2
2020,422,2
2016,423,1
2017,423,1
2018,423,1
2019,423,1
2020,423,1
2018,424,1
2019,424,1
2020,424,1
2015,425,1
2016,425,1
2017,425,1
2018,425,1
2019,425,3
2020,425,3
2015,426,1
2016,426,1
2017,426,1
2018,426,1
2019,426,1
2020,426,1
2017,427,1
2018,427,1
2019,427,1
2020,427,1
2015,428,1
2016,428,1
2017,428,1
2018,428,1
2019,428,1
2020,428,1
2015,429,1
2016,429,1
2017,429,1
2018,429,1
2019,429,3
2020,429,3
2015,430,1
2016,430,1
2017,430,1
2018,430,1
2019,430,1
2020,430,1
2015,431,1
2016,431,1
2017,431,1
2018,431,1
2019,431,1
2020,431,1
2015,432,2
2016,432,2
2017,432,2
2018,432,2
2019,432,2
2020,432,2
2015,433,1
2016,433,1
2017,433,1
2018,433,1
2019,433,1
2020,433,1
2015,434,2
2016,434,2
2017,434,2
2018,434,3
2019,434,3
2020,434,3
2015,435,2
2016,435,2
2017,435,2
2018,435,2
2019,435,2
2020,435,2
2015,436,1
2016,436,1
2017,436,1
2018,436,1
2019,436,1
2020,436,3
2015,437,2
2016,437,2
2017,437,2
2018,437,2
2019,437,2
2020,437,2
2015,438,1
2016,438,3
2017,438,3
2018,438,3
2019,438,3
2020,438,3
2015,439,1
2016,439,1
2017,439,1
2018,439,1
2019,439,1
2020,439,1
2015,440,1
2016,440,1
2017,440,1
2018,440,1
2019,440,1
2020,440,1
2015,441,1
2016,441,2
2017,441,2
2018,441,2
2019,441,2
2020,441,2
2017,442,1
2018,442,1
2019,442,1
2020,442,1
2015,443,1
2016,443,1
2017,443,1
2018,443,1
2019,443,1
2020,443,1
2018,444,1
2019,444,1
2020,444,1
2015,445,1
2016,445,1
2017,445,1
2018,445,1
2019,445,1
2020,445,1
2015,446,1
2016,446,1
2017,446,1
2018,446,1
2019,446,1
2020,446,2
2015,447,1
2016,447,1
2017,447,1
2018,447,1
2019,447,1
2020,447,1
2015,448,1
2016,448,1
2017,448,1
2018,448,1
2019,448,1
2020,448,1
2015,449,2
2016,449,2
2017,449,2
2018,449,1
2019,449,1
2020,449,1
2015,450,2
2016,450,2
2017,450,2
2018,450,2
2019,450,2
2020,450,2
2015,451,1
2016,451,1
2017,451,1
2018,451,1
2019,451,1
2020,451,2
2015,452,1
2016,452,1
2017,452,1
2018,452,1
2019,452,3
2020,452,3
2015,453,1
2016,453,1
2017,453,1
2018,453,1
2019,453,1
2020,453,1
2016,454,1
2017,454,1
2018,454,1
2019,454,1
2020,454,1
2015,455,1
2016,455,1
2017,455,1
2018,455,1
2019,455,1
2020,455,1
2015,456,1
2016,456,1
2017,456,1
2018,456,1
2019,456,1
2020,456,1
2016,457,1
2017,457,1
2018,457,1
2019,457,1
2020,457,1
2020,458,2
2016,459,1
2017,459,1
2018,459,1
2019,459,1
2015,460,1
2016,460,1
2017,460,1
2018,460,1
2019,460,1
2020,460,1
2015,461,1
2016,461,1
2017,461,1
2018,461,1
2019,461,1
2020,461,1
2015,462,1
2016,462,1
2017,462,1
2018,462,1
2019,462,1
2020,462,1
2015,463,1
2016,463,1
2017,463,1
2018,463,1
2019,463,1
2020,463,1
2015,464,1
2016,464,1
2017,464,1
2018,464,1
2019,464,1
2020,464,1
2015,465,1
2016,465,1
2017,465,1
2018,465,1
2019,465,1
2020,465,1
2015,466,2
2016,466,2
2017,466,2
2018,466,2
2019,466,2
2020,466,2
2015,467,1
2016,467,1
2015,468,2
2016,468,2
2017,468,2
2018,468,2
2019,468,2
2020,468,2
2015,469,1
2016,469,1
2017,469,1
2018,469,1
2019,469,1
2020,469,1
2015,470,1
2016,470,1
2017,470,1
2018,470,1
2019,470,1
2020,470,1
2015,471,1
2016,471,1
2017,471,1
2018,471,1
2019,471,1
2020,471,1
2015,472,1
2016,472,1
2017,472,1
2018,472,1
2019,472,1
2020,472,1
2015,473,1
2016,473,1
2017,473,1
2018,473,1
2019,473,1
2020,473,1
2015,474,1
2016,474,1
2017,474,1
2018,474,1
2019,474,1
2020,474,1
2018,475,1
2019,475,1
2020,475,1
2015,476,1
2016,476,1
2017,476,1
2015,477,1
2016,477,1
2017,477,1
2018,477,1
2019,477,1
2020,477,1
2017,478,1
2018,478,1
2019,478,1
2020,478,1
2015,479,1
2016,479,2
2017,479,2
2018,479,2
2019,479,2
2020,479,2
2016,480,1
2017,480,1
2018,480,1
2019,480,1
2020,480,1
2018,481,1
2019,481,1
2020,481,1
2018,482,1
2019,482,1
2020,482,1
2015,483,2
2016,483,2
2017,483,2
2018,483,2
2019,483,2
2020,483,2
2018,484,1
2019,484,1
2020,484,1
2015,485,2
2016,485,2
2017,485,2
2018,485,2
2019,485,2
2020,485,2
2015,486,1
2016,486,1
2017,486,1
2018,486,1
2019,486,1
2020,486,1
2015,487,1
2016,487,1
2017,487,1
2018,487,1
2019,487,1
2020,487,1
2015,488,1
2016,488,1
2017,488,1
2018,488,1
2019,488,1
2020,488,1
2015,489,2
2016,489,2
2017,489,2
2018,489,2
2019,489,2
2020,489,2
2015,490,1
2016,490,1
2017,490,1
2018,490,1
2019,490,1
2015,491,1
2016,491,1
2017,491,1
2018,491,1
2019,491,1
2020,491,1
2015,492,1
2016,492,1
2017,492,1
2018,492,3
2019,492,3
2020,492,3
2015,493,1
2016,493,1
2017,493,1
2018,493,1
2019,493,1
2020,493,1
2015,494,1
2016,494,1
2017,494,1
2018,494,1
2019,494,1
2020,494,1
2015,495,1
2016,495,1
2017,495,1
2018,495,1
2019,495,1
2020,495,1
2017,496,1
2018,496,1
2019,496,1
2020,496,1
2015,497,1
2016,497,1
2017,497,1
2018,497,1
2019,497,1
2020,497,1
2015,498,1
2016,498,1
2017,498,1
2018,498,1
2019,498,1
2020,498,1
2015,499,1
2016,499,1
2017,499,1
2018,499,1
2019,499,1
2020,499,1
2015,500,1
2016,500,1
2017,500,1
2018,500,1
2019,500,1
2020,500,1
2015,501,1
2016,501,1
2017,501,1
2018,501,1
2019,501,1
2020,501,1
2015,502,1
2016,502,1
2017,502,1
2018,502,1
2019,502,1
2020,502,1
2015,503,1
2016,503,1
2017,503,1
2018,503,1
2019,503,1
2020,503,1
2015,504,2
2016,504,2
2017,504,2
2018,504,2
2019,504,2
2020,504,2
2015,505,1
2016,505,1
2017,505,1
2018,505,1
2019,505,1
2020,505,1
2015,506,1
2016,506,1
2017,506,1
2018,506,1
2019,506,1
2020,506,1
2015,507,2
2016,507,2
2017,507,2
2018,507,2
2019,507,2
2020,507,2
2015,508,1
2016,508,1
2017,508,1
2018,508,1
2019,508,1
2020,508,3
2015,509,1
2016,509,1
2017,509,1
2018,509,1
2019,509,1
2020,509,1
2015,510,1
2016,510,1
2017,510,1
2018,510,1
2019,510,1
2020,510,2
2015,511,1
2016,511,1
2017,511,1
2018,511,1
2019,511,1
2020,511,1
2015,512,2
2016,512,2
2017,512,2
2018,512,2
2019,512,2
2020,512,2
2015,513,1
2016,513,1
2017,513,1
2018,513,1
2019,513,1
2015,514,2
2016,514,2
2017,514,2
2018,514,2
2019,514,2
2020,514,2
2018,515,1
2019,515,1
2020,515,1
2015,516,1
2016,516,1
2016,517,1
2017,517,1
2018,517,1
2019,517,1
2020,517,1
2015,518,1
2016,518,1
2017,518,1
2018,518,1
2019,518,1
2020,518,1
2015,519,1
2016,519,1
2017,519,1
2018,519,1
2019,519,1
2020,519,1
2015,520,1
2016,520,1
2017,520,1
2018,520,1
2019,520,1
2020,520,1
2015,521,1
2016,521,1
2017,521,3
2015,522,1
2016,522,3
2017,522,3
2018,522,3
2019,522,3
2020,522,3
2015,523,1
2016,523,3
2017,523,3
2018,523,3
2019,523,3
2020,523,3
2015,524,2
2016,524,2
2017,524,2
2018,524,2
2019,524,2
2020,524,2
2015,525,1
2016,525,1
2017,525,1
2018,525,1
2019,525,1
2020,525,1
2015,526,1
2016,526,1
2017,526,3
2018,526,3
2019,526,3
2020,526,3
2015,527,1
2016,527,1
2017,527,1
2018,527,1
2019,527,1
2020,527,1
2015,528,1
2016,528,1
2017,528,1
2018,528,1
2019,528,1
2020,528,1
2015,529,1
2016,529,1
2017,529,1
2018,529,1
2019,529,1
2020,529,1
2015,530,1
2016,530,1
2017,530,2
2018,530,2
2019,530,2
2020,530,2
2015,531,1
2016,531,1
2017,531,1
2018,531,1
2019,531,1
2020,531,1
2015,532,1
2016,532,1
2017,532,1
2018,532,1
2019,532,1
2020,532,1
2015,533,1
2016,533,1
2017,533,1
2018,533,1
2019,533,1
2020,533,1
2015,534,1
2016,534,1
2017,534,1
2018,534,2
2019,534,2
2020,534,2
2015,535,1
2016,535,1
2017,535,1
2018,535,1
2019,535,1
2020,535,1
2015,536,1
2016,536,1
2017,536,1
2018,536,1
2019,536,1
2020,536,1
2015,537,1
2016,537,1
2017,537,1
2018,537,1
2019,537,1
2020,537,1
2015,538,1
2016,538,1
2017,538,1
2018,538,1
2019,538,1
2020,538,1
2015,539,2
2016,539,2
2017,539,3
2018,539,3
2019,539,3
2020,539,3
2015,540,1
2016,540,1
2017,540,1
2018,540,1
2019,540,1
2020,540,1
2015,541,1
2016,541,1
2017,541,1
2018,541,1
2015,542,1
2016,542,1
2017,542,1
2018,542,1
2019,542,1
2020,542,1
2015,543,1
2016,543,1
2017,543,1
2018,543,1
2019,543,1
2020,543,1
2015,544,1
2016,544,1
2017,544,1
2018,544,1
2019,544,1
2020,544,1
2015,545,1
2016,545,1
2017,545,1
2018,545,3
2019,545,3
2020,545,3
2015,546,1
2016,546,1
2017,546,1
2018,546,1
2019,546,1
2020,546,1
2015,547,1
2016,547,1
2017,547,1
2018,547,1
2019,547,1
2020,547,1
2015,548,1
2016,548,1
2017,548,1
2018,548,1
2019,548,1
2020,548,1
2017,549,1
2018,549,1
2019,549,1
2020,549,1
2015,550,2
2016,550,2
2017,550,2
2018,550,2
2019,550,2
2020,550,2
2015,551,1
2016,551,1
2017,551,3
2018,551,3
2019,551,3
2020,551,3
2015,552,1
2016,552,1
2017,552,1
2018,552,1
2019,552,1
2020,552,1
2015,553,1
2016,553,1
2017,553,1
2018,553,1
2019,553,1
2020,553,1
2015,554,1
2016,554,1
2017,554,1
2018,554,1
2019,554,1
2020,554,1
2015,555,1
2016,555,1
2017,555,1
2018,555,1
2019,555,1
2015,556,2
2016,556,2
2017,556,2
2018,556,2
2019,556,2
2020,556,2
2015,557,1
2016,557,1
2017,557,1
2018,557,1
2019,557,1
2020,557,1
2015,558,1
2016,558,1
2017,558,1
2018,558,1
2019,558,1
2020,558,1
2015,559,1
2016,559,1
2017,559,1
2018,559,1
2019,559,1
2020,559,1
2016,560,2
2017,560,2
2018,560,2
2019,560,2
2020,560,2
2015,561,1
2016,561,1
2017,561,1
2018,561,1
2019,561,1
2020,561,1
2015,562,1
2016,562,1
2017,562,1
2018,562,1
2019,562,1
2020,562,1
2015,563,1
2016,563,1
2017,563,1
2018,563,1
2019,563,1
2020,563,1
2015,564,1
2016,564,1
2017,564,1
2018,564,1
2019,564,1
2020,564,1
2015,565,1
2016,565,1
2017,565,1
2018,565,1
2019,565,1
2020,565,1
2015,566,1
2016,566,1
2017,566,1
2018,566,1
2019,566,1
2020,566,1
2015,567,1
2016,567,1
2017,567,1
2018,567,2
2019,567,2
2020,567,2
2015,568,1
2016,568,1
2017,568,1
2018,568,1
2019,568,1
2020,568,1
2015,569,2
2016,569,2
2017,569,3
2018,569,3
2019,569,3
2020,569,3
2015,570,1
2016,570,1
2017,570,1
2018,570,1
2019,570,1
2020,570,1
2015,571,1
2016,571,1
2017,571,1
2018,571,1
2019,571,1
2020,571,1
2018,572,1
2019,572,1
2020,572,1
2015,573,1
2016,573,1
2017,573,3
2018,573,3
2019,573,3
2020,573,3
2015,574,1
2016,574,1
2017,574,1
2018,574,1
2019,574,1
2020,574,1
2016,575,1
2017,575,1
2018,575,1
2019,575,1
2020,575,1
2015,576,2
2016,576,2
2017,576,2
2018,576,2
2019,576,2
2020,576,2
2017,577,1
2018,577,1
2019,577,1
2020,577,1
2020,578,1
2015,579,1
2016,579,1
2017,579,1
2018,579,1
2019,579,1
2020,579,1
2015,580,2
2016,580,3
2017,580,3
2018,580,3
2019,580,3
2020,580,3
2015,581,1
2016,581,1
2017,581,1
2018,581,1
2019,581,1
2020,581,1
2015,582,1
2016,582,1
2017,582,1
2018,582,1
2019,582,1
2020,582,1
2015,583,1
2016,583,1
2017,583,1
2015,584,1
2016,584,1
2017,584,1
2018,584,1
2019,584,1
2020,584,1
2015,585,1
2016,585,1
2017,585,1
2018,585,1
2019,585,1
2020,585,1
2015,586,1
2016,586,1
2017,586,1
2017,587,1
2018,587,1
2019,587,1
2020,587,1
2015,588,1
2016,588,1
2017,588,1
2018,588,1
2019,588,1
2020,588,1
2015,589,1
2016,589,1
2017,589,1
2018,589,2
2019,589,2
2020,589,2
2018,590,1
2019,590,1
2020,590,1
2015,591,1
2016,591,1
2017,591,1
2018,591,1
2019,591,1
2020,591,1
2016,592,1
2017,592,1
2018,592,1
2019,592,1
2020,592,1
2015,593,1
2016,593,1
2017,593,1
2018,593,1
2019,593,1
2020,593,1
2017,594,1
2018,594,1
2019,594,1
2020,594,1
2015,595,1
2016,595,1
2017,595,1
2015,596,1
2016,596,1
2017,596,1
2018,596,1
2019,596,1
2020,596,1
2019,597,1
2020,597,1
2015,598,1
2016,598,1
2017,598,1
2018,598,1
2019,598,1
2020,598,1
2015,599,1
2016,599,1
2017,599,1
2018,599,1
2019,599,1
2020,599,3
2015,600,1
2016,600,3
2017,600,3
2018,600,3
2019,600,3
2020,600,3
2015,601,1
2016,601,1
2017,601,1
2018,601,1
2019,601,1
2020,601,1
2020,602,1
2015,603,1
2016,603,1
2017,603,1
2018,603,1
2019,603,1
2020,603,1
2015,604,1
2016,604,1
2017,604,1
2018,604,1
2019,604,1
2020,604,1
2015,605,2
2015,606,2
2016,606,2
2017,606,2
2018,606,2
2019,606,2
2020,606,2
2015,607,1
2016,607,3
2017,607,3
2018,607,3
2019,607,3
2020,607,3
2016,608,1
2017,608,1
2018,608,1
2019,608,1
2020,608,1
2015,609,1
2016,609,1
2017,609,1
2018,609,1
2019,609,1
2020,609,1
2015,610,2
2016,610,2
2017,610,2
2018,610,2
2019,610,2
2020,610,2
2015,611,1
2016,611,1
2017,611,1
2018,611,1
2019,611,1
2020,611,1
2015,612,1
2016,612,1
2017,612,1
2018,612,1
2019,612,1
2015,613,1
2016,613,1
2017,613,1
2018,613,1
2019,613,1
2020,613,1
2015,614,1
2016,614,1
2017,614,1
2018,614,1
2019,614,1
2020,614,3
2015,615,1
2016,615,1
2017,615,1
2015,616,1
2016,616,1
2017,616,2
2018,616,2
2019,616,2
2020,616,2
2015,617,1
2016,617,1
2017,617,1
2018,617,1
2019,617,1
2020,617,1
2015,618,1
2015,619,1
2016,619,1
2017,619,3
2018,619,3
2019,619,3
2020,619,3
2015,620,1
2016,620,1
2017,620,1
2018,620,1
2019,620,1
2020,620,2
2015,621,1
2016,621,1
2017,621,1
2018,621,1
2019,621,1
2020,621,1
2015,622,1
2016,622,1
2017,622,1
2018,622,1
2019,622,1
2020,622,1
2015,623,1
2016,623,1
2017,623,1
2018,623,1
2019,623,1
2020,623,3
2015,624,1
2016,624,1
2017,624,1
2015,625,1
2016,625,1
2017,625,1
2018,625,1
2019,625,1
2020,625,1
2015,626,1
2016,626,1
2017,626,1
2018,626,1
2019,626,1
2020,626,1
2017,627,1
2018,627,1
2019,627,2
2020,627,2
2019,628,1
2020,628,1
2015,629,1
2016,629,1
2017,629,1
2018,629,1
2019,629,1
2020,629,3
2015,630,1
2016,630,1
2017,630,1
2018,630,1
2019,630,1
2020,630,1
2015,631,1
2016,631,1
2017,631,1
2018,631,2
2019,631,2
2020,631,2
2015,632,1
2016,632,1
2017,632,1
2015,633,1
2016,633,1
2017,633,1
2018,633,1
2019,633,1
2020,633,1
2015,634,1
2016,634,1
2017,634,1
2018,634,1
2019,634,1
2020,634,1
2015,635,1
2016,635,2
2017,635,2
2018,635,2
2019,635,2
2020,635,2
2017,636,1
2018,636,1
2019,636,1
2020,636,1
2015,637,2
2016,637,2
2017,637,3
2018,637,3
2019,637,3
2020,637,3
2016,638,1
2017,638,1
2018,638,3
2019,638,3
2020,638,3
2015,639,1
2016,639,1
2017,639,1
2018,639,1
2019,639,1
2020,639,1
2015,640,1
2016,640,1
2015,641,2
2016,641,2
2017,641,2
2018,641,2
2019,641,2
2020,641,2
2015,642,1
2016,642,1
2017,642,1
2018,642,1
2019,642,1
2020,642,1
2015,643,2
2016,643,1
2017,643,1
2018,643,1
2019,643,1
2020,643,1
2015,644,1
2016,644,1
2017,644,1
2018,644,1
2019,644,1
2020,644,1
2015,645,1
2016,645,1
2017,645,1
2018,645,1
2019,645,1
2020,645,1
2015,646,2
2016,646,2
2017,646,2
2018,646,2
2019,646,2
2020,646,2
2015,647,1
2016,647,1
2017,647,1
2018,647,2
2019,647,2
2020,647,2
2015,648,1
2016,648,1
2017,648,1
2018,648,1
2019,648,1
2020,648,1
2019,649,1
2020,649,1
2015,650,1
2016,650,1
2017,650,1
2018,650,1
2019,650,1
2020,650,1
2015,651,1
2016,651,1
2017,651,1
2018,651,1
2019,651,1
2020,651,1
2015,652,1
2016,652,1
2017,652,1
2018,652,1
2019,652,1
2020,652,1
2019,653,1
2020,653,1
2015,654,1
2016,654,3
2017,654,3
2018,654,3
2019,654,3
2020,654,3
2015,655,1
2016,655,1
2017,655,1
2018,655,1
2019,655,1
2020,655,3
2015,656,1
2016,656,1
2017,656,1
2018,656,1
2019,656,1
2020,656,1
2015,657,1
2016,657,1
2017,657,1
2018,657,1
2019,657,1
2020,657,1
2015,658,1
2016,658,1
2017,658,1
2018,658,1
2019,658,3
2020,658,3
2019,659,1
2020,659,1
2015,660,1
2016,660,1
2017,660,1
2018,660,2
2019,660,2
2020,660,2
2015,661,1
2016,661,1
2017,661,1
2018,661,1
2019,661,1
2020,661,1
2015,662,1
2016,662,1
2017,662,1
2018,662,1
2019,662,3
2020,662,3
2015,663,1
2016,663,1
2017,663,3
2018,663,3
2019,663,3
2020,663,3
2015,664,1
2016,664,1
2017,664,1
2018,664,1
2019,664,1
2020,664,1
2015,665,1
2016,665,1
2017,665,1
2018,665,1
2019,665,1
2020,665,1
2015,666,2
2016,666,2
2017,666,2
2018,666,2
2019,666,2
2020,666,2
2015,667,1
2016,667,1
2017,667,1
2018,667,1
2019,667,1
2020,667,1
2015,668,2
2016,668,2
2017,668,2
2018,668,2
2019,668,2
2020,668,3
2015,669,1
2015,670,1
2016,670,1
2017,670,1
2018,670,1
2019,670,3
2020,670,3
2015,671,1
2016,671,1
2017,671,1
2018,671,1
2019,671,1
2020,671,1
2016,672,1
2017,673,1
2018,673,1
2019,673,1
2020,673,1
2018,674,1
2019,674,1
2020,674,1
2015,675,1
2016,675,1
2017,675,1
2018,675,1
2019,675,1
2020,675,1
2015,676,1
2016,676,1
2017,676,1
2018,676,1
2019,676,1
2020,676,1
2015,677,1
2016,677,1
2017,677,1
2018,677,1
2019,677,1
2020,677,1
2015,678,1
2016,678,1
2017,678,1
2017,679,1
2018,679,1
2019,679,1
2020,679,1
2015,680,1
2016,680,1
2017,680,1
2018,680,1
2019,680,1
2015,681,1
2016,681,2
2017,681,2
2018,681,2
2019,681,2
2020,681,2
2015,682,1
2016,682,1
2017,682,3
2018,682,3
2019,682,3
2020,682,3
2020,683,1
2015,684,1
2016,684,1
2017,684,1
2018,684,1
2019,684,1
2020,684,1
2019,685,3
2020,685,3
2019,686,1
2020,686,1
2015,687,2
2016,687,2
2017,687,2
2018,687,2
2019,687,2
2020,687,2
2015,688,1
2016,688,1
2017,688,1
2018,688,1
2019,688,1
2020,688,1
2015,689,1
2016,689,1
2017,689,1
2018,689,1
2019,689,1
2020,689,1
2018,690,1
2019,690,1
2020,690,1
2020,691,1
2015,692,1
2016,692,1
2017,692,1
2015,693,2
2016,693,2
2017,693,2
2015,694,1
2016,694,1
2017,694,1
2018,694,1
2019,694,1
2020,694,1
2015,695,1
2016,695,1
2017,695,1
2015,696,2
2016,696,1
2017,696,1
2018,696,1
2019,696,1
2020,696,1
2015,697,1
2016,697,1
2017,697,1
2018,697,1
2015,698,1
2016,698,1
2017,698,2
2018,698,2
2019,698,2
2020,698,2
2015,699,1
2016,699,1
2017,699,1
2015,700,1
2016,700,1
2017,700,1
2015,701,1
2015,702,1
2016,702,1
2017,702,1
2018,702,1
2015,703,1
2016,703,1
2017,703,1
2018,703,1
2019,703,1
2020,703,1
2015,704,1
2016,704,3
2017,704,3
2018,704,3
2019,704,3
2020,704,3
2015,705,1
2016,705,1
2017,705,1
2018,705,1
2019,705,1
2020,705,1
2015,706,1
2016,706,1
2017,706,1
2018,706,1
2019,706,1
2020,706,3
2015,707,2
2016,707,2
2017,707,2
2018,707,2
2019,707,2
2020,707,2
2015,708,1
2016,708,1
2017,708,1
2018,708,1
2019,708,1
2020,708,1
2015,709,1
2016,709,1
2017,709,1
2018,709,1
2019,709,1
2020,709,1
2015,710,1
2016,710,1
2017,710,1
2018,710,1
2019,710,1
2015,711,1
2016,711,1
2015,712,1
2016,712,1
2015,713,2
2016,713,2
2017,713,2
2015,714,1
2016,714,1
2017,714,1
2018,714,1
2019,714,1
2020,714,1
2015,715,1
2016,715,1
2017,715,1
2018,715,1
2019,715,1
2020,715,1
2015,716,1
2016,716,1
2017,716,1
2018,716,1
2019,716,2
2020,716,2
2015,717,1
2016,717,1
2017,717,1
2015,718,1
2016,718,1
2017,718,1
2018,718,1
2019,718,1
2020,718,1
2015,719,2
2016,719,2
2017,719,2
2018,719,2
2019,719,2
2020,719,2
2015,720,1
2016,720,1
2015,721,1
2016,721,1
2017,721,1
2018,721,1
2019,721,1
2020,721,1
2015,722,1
2016,722,1
2017,722,1
2018,722,1
2019,722,1
2020,722,1
2015,723,1
2016,723,1
2015,724,1
2016,724,1
2017,724,1
2018,724,1
2019,724,1
2020,724,1
2015,725,1
2016,725,1
2017,725,1
2018,725,1
2019,725,1
2020,725,1
2015,726,2
2016,726,2
2017,726,2
2018,726,2
2015,727,2
2016,727,2
2017,727,2
2018,727,2
2019,727,2
2020,727,2
2015,728,1
2016,728,1
2017,728,1
2018,728,1
2019,728,1
2020,728,1
2015,729,1
2016,729,1
2015,730,1
2016,730,1
2017,730,1
2018,730,1
2019,730,1
2020,730,1
2015,731,1
2016,731,1
2017,731,1
2018,731,1
2019,731,1
2020,731,1
2015,732,1
2016,732,1
2017,732,1
2018,732,1
2019,732,1
2020,732,1
2015,733,2
2016,733,2
2017,733,2
2018,733,2
2019,733,2
2020,733,2
2016,734,2
2017,734,2
2018,734,2
2019,734,2
2020,734,2
2015,735,1
2016,735,1
2017,735,1
2018,735,1
2019,735,1
2020,735,1
2015,736,1
2016,736,1
2017,736,1
2018,736,2
2019,736,2
2020,736,2
2019,737,2
2020,737,2
2017,738,1
2018,738,1
2019,738,1
2020,738,1
2015,739,1
2016,739,1
2017,739,1
2018,739,1
2019,739,1
2020,739,1
2015,740,1
2016,740,1
2017,740,1
2018,740,1
2019,740,1
2020,740,1
2015,741,1
2016,741,1
2017,741,1
2018,741,1
2019,741,1
2020,741,1
2015,742,1
2016,742,1
2017,742,1
2018,742,1
2019,742,1
2020,742,1
2016,743,1
2017,743,1
2018,743,1
2019,743,1
2020,743,1
2015,744,1
2016,744,1
2017,744,1
2018,744,1
2019,744,1
2020,744,1
2015,745,1
2016,745,1
2017,745,1
2018,745,1
2019,745,1
2020,745,2
2015,746,2
2016,746,2
2017,746,2
2018,746,2
2019,746,2
2015,747,1
2016,747,1
2017,747,1
2018,747,1
2019,747,1
2020,747,1
2015,748,1
2016,748,1
2017,748,1
2015,749,1
2016,749,1
2017,749,1
2018,749,1
2019,749,1
2020,749,1
2015,750,1
2016,750,1
2017,750,1
2018,750,1
2019,750,1
2020,750,2
2015,751,1
2016,751,1
2017,751,3
2015,752,1
2016,752,1
2017,752,1
2018,752,1
2019,752,1
2020,752,1
2015,753,2
2016,753,2
2017,753,2
2018,753,2
2019,753,2
2020,753,2
2015,754,1
2016,754,1
2017,754,1
2018,754,1
2019,754,1
2020,754,1
2015,755,1
2016,755,1
2017,755,1
2018,755,1
2019,755,1
2020,755,1
2015,756,1
2016,756,3
2017,756,3
2018,756,3
2019,756,3
2020,756,3
2015,757,1
2016,757,1
2017,757,1
2018,757,1
2019,757,1
2020,757,1
2015,758,1
2016,758,2
2017,758,2
2018,758,2
2019,758,2
2020,758,2
2019,759,1
2020,759,1
2015,760,1
2016,760,1
2017,760,1
2018,760,1
2019,760,2
2020,760,2
2019,761,2
2020,761,2
2015,762,1
2016,762,1
2017,762,1
2018,762,1
2019,762,1
2015,763,1
2016,763,1
2017,763,1
2015,764,1
2016,764,1
2017,764,1
2018,764,1
2019,764,1
2020,764,1
2015,765,1
2016,765,1
2017,765,1
2018,765,1
2019,765,1
2020,765,1
2015,766,1
2016,766,1
2017,766,1
2018,766,1
2019,766,1
2020,766,1
2015,767,1
2016,767,1
2017,767,1
2018,767,1
2019,767,1
2020,767,1
2015,768,1
2016,768,1
2017,768,1
2018,768,1
2019,768,1
2020,768,1
2015,769,2
2016,769,2
2017,769,2
2018,769,2
2019,769,2
2020,769,2
2020,770,1
2015,771,1
2016,771,1
2017,771,1
2018,771,1
2019,771,2
2020,771,2
2015,772,1
2016,772,1
2017,772,1
2018,772,1
2019,772,1
2020,772,1
2015,773,1
2016,773,1
2017,773,1
2018,773,1
2019,773,1
2020,773,1
2015,774,1
2016,774,1
2017,774,1
2018,774,1
2019,774,1
2020,774,1
2015,775,1
2016,775,1
2017,775,1
2018,775,1
2019,775,1
2020,775,1
2015,776,1
2016,776,1
2017,776,1
2018,776,1
2019,776,1
2020,776,1
2015,777,2
2015,778,1
2016,778,1
2017,778,1
2018,778,1
2019,778,1
2020,778,1
2016,779,1
2017,779,1
2018,779,1
2019,779,1
2020,779,1
2015,780,1
2016,780,1
2017,780,2
2018,780,2
2019,780,2
2020,780,2
2015,781,1
2016,781,1
2017,781,1
2018,781,1
2019,781,1
2020,781,1
2015,782,1
2016,782,1
2017,782,1
2018,782,1
2019,782,1
2020,782,1
2015,783,1
2016,783,1
2017,783,1
2018,783,1
2019,783,1
2020,783,1
2015,784,2
2016,784,2
2017,784,2
2018,784,2
2019,784,2
2020,784,1
2016,785,1
2017,785,1
2018,785,1
2019,785,1
2020,785,1
2015,786,1
2016,786,1
2017,786,1
2018,786,1
2019,786,1
2020,786,1
2015,787,1
2016,787,1
2017,787,1
2018,787,1
2019,787,1
2020,787,1
2015,788,1
2016,788,1
2017,788,1
2018,788,1
2019,788,1
2020,788,1
2015,789,1
2016,789,1
2017,789,1
2018,789,1
2019,789,2
2020,789,2
2015,790,1
2016,790,1
2017,790,1
2018,790,1
2019,790,1
2020,790,3
2015,791,1
2016,791,3
2017,791,3
2018,791,3
2019,791,3
2020,791,3
2015,792,1
2016,792,3
2017,792,3
2018,792,3
2019,792,3
2020,792,3
2015,793,1
2016,793,1
2017,793,1
2018,793,1
2019,793,1
2020,793,1
2015,794,1
2016,794,1
2017,794,1
2018,794,1
2019,794,1
2020,794,1
2015,795,1
2016,795,1
2017,795,1
2018,795,1
2019,795,1
2020,795,1
2015,796,1
2016,796,1
2017,796,1
2018,796,1
2019,796,1
2015,797,1
2016,797,1
2017,797,1
2018,797,1
2019,797,2
2015,798,1
2016,798,1
2017,798,1
2018,798,1
2019,798,1
2020,798,1
2015,799,1
2016,799,1
2017,799,1
2018,799,1
2019,799,1
2020,799,3
2015,800,1
2016,800,1
2017,800,1
2018,800,1
2019,800,1
2020,800,1
2019,801,1
2020,801,1
2019,802,1
2020,802,1
2019,803,2
2020,803,2
2018,804,1
2019,804,1
2020,804,1
2015,805,1
2016,805,1
2017,805,1
2018,805,1
2019,805,1
2020,805,1
2015,806,1
2016,806,1
2017,806,1
2018,806,1
2019,806,1
2020,806,1
2015,807,1
2016,807,1
2017,807,1
2018,807,3
2019,807,3
2020,807,3
2015,808,1
2016,808,1
2017,808,1
2018,808,1
2019,808,1
2020,808,1
2015,809,1
2016,809,3
2017,809,3
2018,809,3
2019,809,3
2015,810,2
2016,810,2
2017,810,2
2018,810,2
2019,810,2
2020,810,2
2020,811,3
2015,812,1
2016,812,1
2017,812,1
2018,812,1
2019,812,1
2020,812,1
2016,813,3
2017,813,3
2018,813,3
2019,813,3
2020,813,3
2015,814,1
2016,814,1
2017,814,2
2018,814,2
2019,814,2
2020,814,2
2015,815,1
2016,815,1
2017,815,1
2018,815,1
2019,815,1
2020,815,1
2019,816,2
2020,816,2
2015,817,1
2016,817,1
2017,817,1
2018,817,1
2019,817,1
2020,817,1
2015,818,1
2016,818,1
2017,818,1
2018,818,1
2019,818,1
2020,819,1
2015,820,1
2016,820,1
2017,820,1
2018,820,1
2019,820,1
2020,820,1
2015,821,2
2016,821,2
2017,821,2
2018,821,2
2019,821,2
2020,821,2
2015,822,2
2016,822,2
2017,822,2
2018,822,2
2019,822,2
2020,822,2
2015,823,1
2016,823,1
2017,823,1
2018,823,1
2019,823,1
2020,823,1
2015,824,1
2016,824,1
2017,824,1
2018,824,1
2019,824,3
2020,824,3
2015,825,1
2016,825,1
2017,825,1
2018,825,1
2019,825,1
2020,825,1
2015,826,1
2016,826,1
2017,826,1
2018,826,1
2019,826,1
2015,827,2
2016,827,2
2017,827,2
2018,827,2
2019,827,2
2020,827,2
2015,828,1
2016,828,1
2017,828,1
2018,828,1
2019,828,1
2020,828,1
2015,829,1
2016,829,1
2017,829,1
2018,829,1
2019,829,1
2020,829,1
2015,830,1
2016,830,1
2017,830,1
2018,830,1
2019,830,1
2020,830,1
2015,831,1
2016,831,1
2016,832,1
2017,832,1
2018,832,1
2019,832,1
2020,832,1
2015,833,1
2016,833,1
2017,833,1
2018,833,1
2019,833,1
2020,833,1
2015,834,1
2016,834,1
2017,834,1
2019,835,1
2020,835,1
2015,836,2
2016,836,2
2017,836,2
2018,836,2
2019,836,2
2020,836,3
2015,837,1
2016,837,1
2017,837,1
2018,837,1
2019,837,1
2020,837,1
2015,838,1
2016,838,1
2017,838,1
2018,838,1
2019,838,1
2020,838,1
2015,839,1
2016,839,1
2015,840,1
2016,840,1
2017,840,1
2018,840,1
2019,840,1
2020,840,1
2015,841,2
2016,841,2
2017,841,2
2018,841,2
2019,841,2
2020,841,2
2015,842,1
2016,842,1
2017,842,1
2018,842,1
2019,842,1
2020,842,1
2015,843,1
2016,843,1
2017,843,1
2018,843,1
2019,843,1
2020,843,1
2015,844,1
2015,845,1
2016,845,1
2017,845,1
2020,846,1
2015,847,1
2016,847,1
2017,847,1
2018,847,1
2019,847,1
2020,847,1
2017,848,1
2018,848,1
2019,848,2
2020,848,2
2015,849,1
2016,849,1
2017,849,1
2018,849,1
2019,849,1
2020,849,1
2020,850,1
2015,851,1
2016,851,1
2017,851,1
2018,851,1
2019,851,1
2020,851,1
2019,852,1
2020,852,1
2015,853,1
2016,853,1
2017,853,1
2018,853,1
2019,853,1
2020,853,1
2020,854,2
2019,855,1
2020,855,1
2015,856,1
2016,856,1
2017,856,1
2018,856,1
2019,856,1
2020,856,1
2015,857,2
2016,857,1
2017,857,1
2018,857,1
2019,857,1
2020,857,1
2019,858,1
2020,858,1
2018,859,2
2019,859,2
2020,859,2
2015,860,1
2016,860,1
2017,860,1
2018,860,1
2019,860,1
2020,860,1
2015,861,1
2016,861,1
2017,861,1
2018,861,1
2019,861,1
2020,861,1
2015,862,1
2016,862,1
2017,862,1
2018,862,1
2019,862,1
2020,862,1
2015,863,2
2016,863,2
2017,863,2
2018,863,2
2019,863,3
2020,863,3
2015,864,1
2016,864,1
2017,864,1
2018,864,1
2019,864,1
2020,864,1
2015,865,1
2016,865,1
2017,865,1
2018,865,1
2019,865,1
2020,865,2
2015,866,1
2016,866,1
2017,866,1
2015,867,1
2016,867,1
2017,867,1
2018,867,1
2019,867,1
2020,867,1
2015,868,1
2016,868,1
2017,868,1
2018,868,1
2019,868,1
2020,868,1
2015,869,1
2016,869,1
2017,869,1
2018,869,2
2019,869,2
2020,869,2
2015,870,1
2016,870,1
2017,870,1
2018,870,1
2019,870,1
2020,870,1
2015,871,1
2016,871,1
2017,871,1
2018,871,1
2019,871,1
2020,871,1
2015,872,1
2016,872,1
2017,872,1
2018,872,1
2019,872,1
2020,872,1
2015,873,1
2016,873,1
2017,873,1
2018,873,1
2019,873,1
2020,873,1
2015,874,1
2016,874,1
2017,874,1
2018,874,1
2019,874,1
2020,874,1
2015,875,2
2016,875,2
2017,875,2
2018,875,2
2019,875,2
2020,875,2
2015,876,1
2016,876,1
2017,876,1
2018,876,1
2019,876,1
2020,876,1
2015,877,2
2016,877,2
2017,877,2
2018,877,2
2019,877,2
2020,877,2
2015,878,1
2016,878,1
2017,878,1
2018,878,1
2019,878,1
2020,878,1
2015,879,1
2016,879,1
2017,879,1
2018,879,1
2019,879,1
2020,879,1
2015,880,1
2016,880,1
2017,880,1
2018,880,1
2019,880,1
2020,880,1
2015,881,1
2016,881,1
2017,881,1
2018,881,1
2019,881,1
2020,881,1
2015,882,1
2016,882,1
2017,882,1
2018,882,1
2019,882,1
2020,882,1
2015,883,2
2016,883,2
2017,883,2
2018,883,2
2019,883,2
2020,883,2
2015,884,1
2016,884,1
2017,884,1
2018,884,1
2019,884,1
2020,884,1
2015,885,1
2016,885,1
2017,885,1
2018,885,1
2019,885,1
2020,885,1
2019,886,2
2020,886,2
2015,887,1
2016,887,1
2017,887,1
2018,887,1
2019,887,1
2020,887,1
2018,888,1
2019,888,1
2020,888,1
2015,889,1
2016,889,1
2017,889,1
2018,889,1
2019,889,1
2020,889,1
2015,890,2
2016,890,2
2017,890,2
2018,890,2
2019,890,2
2020,890,2
2016,891,1
2017,891,1
2018,891,1
2019,891,1
2020,891,1
2015,892,1
2016,892,1
2017,892,1
2018,892,1
2019,892,1
2020,892,1
2015,893,1
2016,893,1
2017,893,1
2018,893,1
2019,893,1
2020,893,1
2015,894,1
2016,894,1
2017,894,1
2018,894,1
2019,894,1
2020,894,1
2015,895,1
2016,895,1
2017,895,1
2018,895,1
2019,895,1
2020,895,1
2015,896,2
2016,896,2
2017,896,2
2018,896,2
2019,896,2
2020,896,2
2015,897,1
2016,897,1
2017,897,1
2018,897,1
2019,897,3
2020,897,3
2015,898,1
2016,898,1
2017,898,1
2018,898,1
2019,898,1
2020,898,1
2015,899,1
2016,899,1
2017,899,2
2018,899,2
2019,899,2
2020,899,2
2017,900,1
2018,900,1
2019,900,1
2020,900,1
2016,901,1
2017,901,1
2018,901,1
2019,901,1
2020,901,1
2020,902,1
2017,903,3
2018,903,3
2019,903,3
2020,903,3
2015,904,1
2016,904,1
2017,904,1
2018,904,1
2019,904,1
2020,904,1
2015,905,1
2016,905,1
2017,905,1
2018,905,1
2019,905,1
2020,905,1
2018,906,1
2019,906,1
2020,906,1
2015,907,1
2016,907,1
2017,907,1
2018,907,1
2019,907,1
2020,907,1
2015,908,2
2016,908,2
2017,908,2
2018,908,2
2019,908,2
2020,908,2
2015,909,1
2015,910,1
2016,910,1
2017,910,1
2018,910,1
2019,910,1
2020,910,1
2015,911,1
2016,911,1
2017,911,1
2018,911,1
2019,911,1
2020,911,1
2015,912,1
2016,912,1
2017,912,1
2018,912,1
2019,912,1
2020,912,1
2015,913,2
2016,913,2
2017,913,2
2018,913,2
2019,913,2
2020,913,2
2015,914,2
2016,914,2
2017,914,1
2018,914,1
2019,914,1
2020,914,1
2015,915,1
2016,915,1
2017,915,1
2018,915,1
2019,915,1
2020,915,1
2015,916,2
2016,916,2
2017,916,2
2018,916,2
2019,916,2
2015,917,1
2016,917,1
2017,917,1
2018,917,3
2019,917,3
2020,917,3
2019,918,1
2020,918,1
2015,919,1
2016,919,1
2017,919,1
2018,919,1
2019,919,1
2020,919,1
2016,920,1
2017,920,1
2018,920,1
2019,920,1
2020,920,1
2015,921,1
2016,921,1
2017,921,1
2018,921,1
2019,921,1
2020,921,1
2019,922,2
2020,922,2
2015,923,1
2016,923,1
2017,923,1
2018,923,1
2019,923,1
2020,923,1
2015,924,1
2016,924,1
2017,924,1
2018,924,1
2019,924,1
2020,924,1
2015,925,1
2016,925,1
2017,925,1
2018,925,1
2019,925,1
2020,925,1
2015,926,2
2016,926,2
2017,926,2
2018,926,2
2019,926,2
2020,926,2
2015,927,1
2016,927,1
2017,927,1
2018,927,1
2019,927,1
2020,927,1
2017,928,1
2018,928,1
2015,929,1
2016,929,1
2017,929,1
2018,929,1
2019,929,1
2020,929,1
2018,930,1
2019,930,1
2020,930,1
2015,931,1
2016,931,1
2017,931,1
2018,931,1
2019,931,1
2020,931,1
2015,932,2
2016,932,2
2017,932,2
2018,932,2
2019,932,2
2020,932,2
2018,933,2
2019,933,2
2020,933,2
2015,934,1
2016,934,1
2017,934,1
2018,934,1
2019,934,1
2020,934,1
2019,935,1
2020,935,1
2015,936,1
2016,936,1
2017,936,1
2018,936,1
2019,936,1
2020,936,1
2020,937,3
2015,938,1
2016,938,1
2017,938,1
2018,938,1
2019,938,1
2020,938,1
2015,939,1
2015,940,2
2016,940,2
2017,940,2
2018,940,2
2019,940,2
2020,940,2
2015,941,1
2016,941,1
2017,941,1
2018,941,1
2019,941,1
2020,941,1
2015,942,1
2016,942,1
2017,942,1
2018,942,1
2019,942,1
2020,942,1
2017,943,1
2018,943,1
2019,943,1
2020,943,1
2015,944,1
2016,944,1
2017,944,1
2018,944,1
2019,944,1
2020,944,1
2015,945,1
2016,945,1
2017,945,1
2018,945,1
2019,945,1
2020,945,1
2015,946,1
2016,946,1
2017,946,1
2018,946,1
2019,946,1
2020,946,1
2015,947,1
2016,947,1
2017,947,1
2018,947,1
2019,947,1
2020,947,1
2015,948,1
2016,948,1
2017,948,1
2018,948,1
2019,948,3
2020,948,3
2015,949,1
2016,949,1
2017,949,1
2018,949,1
2019,949,1
2020,949,1
2015,950,1
2016,950,1
2017,950,1
2018,950,1
2019,950,1
2020,950,1
2015,951,1
2016,951,1
2017,951,1
2018,951,1
2019,951,1
2020,951,1
2015,952,1
2016,952,1
2017,952,1
2018,952,1
2019,952,1
2020,952,1
2015,953,1
2016,953,1
2017,953,1
2018,953,1
2019,953,1
2020,953,1
2015,954,1
2016,954,1
2017,954,1
2015,955,1
2016,955,1
2017,955,1
2018,955,1
2019,955,1
2020,955,1
2015,956,2
2016,956,2
2017,956,2
2018,956,3
2019,956,3
2020,956,3
2015,957,1
2016,957,1
2017,957,1
2015,958,1
2016,958,1
2017,958,1
2018,958,1
2019,958,1
2020,958,1
2015,959,1
2016,959,1
2017,959,1
2018,959,1
2019,959,1
2020,959,1
2015,960,1
2016,960,1
2017,960,1
2018,960,1
2019,960,1
2020,960,1
2015,961,2
2016,961,2
2017,961,2
2018,961,2
2019,961,2
2020,961,2
2015,962,2
2016,962,2
2017,962,2
2018,962,2
2019,962,2
2020,962,2
2015,963,1
2016,963,2
2017,963,2
2018,963,2
2019,963,2
2020,963,2
2015,964,1
2016,964,1
2017,964,1
2018,964,1
2019,964,1
2020,964,1
2017,965,2
2018,965,2
2019,965,2
2020,965,2
2015,966,1
2016,966,1
2017,966,1
2018,966,1
2019,966,1
2020,966,1
2015,967,1
2016,967,1
2017,967,1
2018,967,1
2019,967,1
2020,967,1
2016,968,1
2017,968,1
2018,968,1
2019,968,1
2020,968,1
2015,969,1
2016,969,1
2017,969,1
2018,969,1
2019,969,1
2020,969,1
2015,970,1
2016,970,1
2017,970,1
2018,970,1
2019,970,1
2020,970,1
2015,971,1
2016,971,1
2017,971,1
2018,971,1
2019,971,1
2020,971,1
2015,972,1
2016,972,1
2017,972,1
2018,972,1
2019,972,1
2020,972,1
2015,973,1
2016,973,1
2017,973,1
2018,973,1
2019,973,1
2020,973,1
2015,974,1
2016,974,1
2017,974,1
2018,974,1
2019,974,1
2015,975,1
2016,975,1
2017,975,1
2018,975,1
2019,975,1
2020,975,1
2015,976,1
2016,976,1
2017,976,3
2018,976,3
2019,976,3
2020,976,3
2015,977,1
2016,977,1
2017,977,1
2018,977,1
2019,977,1
2020,977,1
2015,978,1
2016,978,1
2017,978,1
2018,978,1
2019,978,1
2020,978,1
2019,979,1
2020,979,1
2016,980,1
2017,980,1
2018,980,1
2019,980,1
2020,980,1
2015,981,1
2016,981,2
2017,981,2
2018,981,2
2019,981,2
2020,981,2
2015,982,2
2016,982,2
2017,982,2
2018,982,2
2019,982,2
2020,982,2
2015,983,1
2016,983,1
2017,983,1
2018,983,1
2019,983,1
2020,983,1
2015,984,2
2016,984,2
2017,984,2
2018,984,2
2019,984,2
2020,984,2
2015,985,2
2016,985,2
2017,985,2
2018,985,2
2019,985,2
2020,985,2
2015,986,1
2016,986,1
2017,986,1
2018,986,1
2019,986,1
2020,986,1
2015,987,1
2016,987,1
2017,987,1
2018,987,1
2019,987,1
2020,987,1
2015,988,1
2016,988,1
2017,988,1
2018,988,1
2019,988,1
2020,988,3
2015,989,1
2016,989,1
2017,989,1
2018,989,1
2019,989,1
2020,989,1
2015,990,1
2016,990,1
2017,990,1
2018,990,1
2019,990,1
2020,990,1
2015,991,2
2016,991,2
2017,991,2
2018,991,2
2019,991,2
2020,991,2
2015,992,1
2016,992,1
2017,992,1
2018,992,1
2019,992,1
2020,992,1
2015,993,1
2016,993,1
2017,993,1
2018,993,1
2019,993,1
2020,993,3
2015,994,1
2016,994,1
2017,994,1
2018,994,1
2019,994,1
2020,994,1
2015,995,1
2016,995,1
2017,995,1
2015,996,1
2016,996,1
2017,996,1
2018,996,1
2019,996,1
2020,996,1
2018,997,2
2019,997,2
2020,997,2
2015,998,1
2016,998,1
2017,998,1
2018,998,1
2019,998,1
2020,998,1
2015,999,1
2016,999,1
2017,999,1
2018,999,1
2019,999,1
2020,999,1
2015,1000,1
2016,1000,1
2017,1000,1
2018,1000,1
2019,1000,1
2020,1000,1
2015,1001,1
2016,1001,1
2017,1001,1
2018,1001,1
2019,1001,1
2020,1001,1
2015,1002,1
2016,1002,1
2017,1002,1
2018,1002,1
2019,1002,1
2020,1002,1
2015,1003,2
2016,1003,2
2017,1003,2
2018,1003,2
2019,1003,1
2020,1003,1
2019,1004,1
2020,1004,1
2016,1005,1
2017,1005,1
2018,1005,1
2019,1005,1
2020,1005,1
2015,1006,2
2016,1006,2
2017,1006,2
2018,1006,2
2019,1006,2
2020,1006,2
2015,1007,1
2016,1007,1
2017,1007,1
2018,1007,1
2019,1007,1
2020,1007,1
2015,1008,1
2016,1008,1
2017,1008,1
2018,1008,1
2019,1008,1
2020,1008,1
2015,1009,1
2016,1009,1
2017,1009,1
2018,1009,1
2015,1010,1
2016,1010,1
2017,1010,1
2018,1010,1
2019,1010,1
2020,1010,1
2015,1011,2
2016,1011,2
2017,1011,2
2018,1011,2
2019,1011,2
2020,1011,2
2015,1012,1
2016,1012,2
2017,1012,2
2018,1012,2
2019,1012,2
2020,1012,2
2015,1013,2
2016,1013,2
2017,1013,2
2015,1014,1
2016,1014,1
2017,1014,1
2018,1014,1
2019,1014,1
2020,1014,1
2015,1015,1
2016,1015,1
2017,1015,1
2018,1015,1
2019,1015,1
2020,1015,1
2015,1016,1
2016,1016,1
2017,1016,1
2018,1016,1
2019,1016,1
2020,1016,1
2015,1017,1
2016,1017,1
2017,1017,1
2018,1017,1
2019,1017,1
2020,1017,1
2015,1018,1
2016,1018,1
2017,1018,1
2018,1018,1
2019,1018,1
2020,1018,1
2015,1019,2
2016,1019,2
2017,1019,2
2018,1019,2
2019,1019,2
2020,1019,2
2015,1020,1
2016,1020,1
2017,1020,1
2018,1020,1
2019,1020,1
2015,1021,1
2016,1021,1
2017,1021,1
2018,1021,1
2019,1021,1
2020,1021,1
2015,1022,1
2016,1022,1
2017,1022,1
2018,1022,1
2019,1022,1
2020,1022,1
2015,1023,1
2016,1023,1
2017,1023,1
2018,1023,1
2019,1023,1
2020,1023,1
2015,1024,1
2016,1024,1
2017,1024,1
2018,1024,1
2019,1024,1
2020,1024,1
2015,1025,1
2016,1025,1
2017,1025,1
2018,1025,1
2019,1025,1
2020,1025,1
2015,1026,1
2016,1026,1
2015,1027,1
2016,1027,1
2017,1027,1
2018,1027,1
2019,1027,1
2020,1027,1
2015,1028,1
2016,1028,1
2017,1028,3
2018,1028,3
2019,1028,3
2020,1028,3
2015,1029,1
2016,1029,1
2017,1029,1
2018,1029,1
2019,1029,1
2020,1029,1
2015,1030,1
2016,1030,1
2017,1030,1
2018,1030,1
2019,1030,1
2020,1030,1
2015,1031,2
2016,1031,2
2017,1031,2
2018,1031,2
2019,1031,2
2020,1031,2
2015,1032,1
2016,1032,1
2017,1032,1
2018,1032,1
2019,1032,1
2020,1032,1
2015,1033,1
2016,1033,1
2017,1033,1
2018,1033,2
2019,1033,2
2020,1033,2
2015,1034,1
2016,1034,1
2017,1034,1
2018,1034,3
2019,1034,3
2020,1034,3
2015,1035,1
2016,1035,1
2017,1035,1
2018,1035,1
2019,1035,1
2020,1035,1
2017,1036,1
2018,1036,1
2019,1036,1
2020,1036,1
2015,1037,1
2016,1037,1
2017,1037,1
2018,1037,3
2019,1037,3
2020,1037,3
2015,1038,1
2016,1038,1
2017,1038,1
2018,1038,1
2019,1038,1
2020,1038,1
2018,1039,1
2019,1039,1
2020,1039,1
2016,1040,1
2017,1040,1
2018,1040,1
2019,1040,1
2020,1040,1
2015,1041,1
2016,1041,1
2017,1041,1
2018,1041,1
2019,1041,1
2020,1041,1
2018,1042,2
2019,1042,2
2020,1042,2
2015,1043,1
2016,1043,1
2017,1043,1
2018,1043,1
2019,1043,1
2015,1044,1
2016,1044,1
2017,1044,1
2018,1044,1
2019,1044,1
2020,1044,2
2015,1045,1
2016,1045,1
2017,1045,1
2018,1045,1
2019,1045,1
2020,1045,1
2015,1046,1
2016,1046,1
2017,1046,1
2018,1046,1
2019,1046,1
2020,1046,1
2015,1047,2
2016,1047,2
2017,1047,2
2018,1047,2
2019,1047,2
2020,1047,2
2015,1048,2
2016,1048,2
2017,1048,2
2018,1048,2
2019,1048,2
2020,1048,2
2015,1049,1
2016,1049,1
2017,1049,1
2018,1049,1
2019,1049,1
2020,1049,1
2015,1050,1
2016,1050,1
2017,1050,1
2018,1050,2
2019,1050,2
2020,1050,2
2015,1051,2
2016,1051,2
2017,1051,2
2018,1051,2
2019,1051,2
2020,1051,2
2015,1052,1
2016,1052,1
2017,1052,1
2018,1052,1
2019,1052,1
2020,1052,1
2015,1053,1
2016,1053,1
2017,1053,3
2018,1053,3
2015,1054,1
2016,1054,1
2017,1054,1
2018,1054,1
2019,1054,1
2020,1054,1
2015,1055,1
2016,1055,1
2017,1055,1
2018,1055,1
2019,1055,1
2020,1055,1
2016,1056,1
2015,1057,2
2016,1057,2
2017,1057,2
2018,1057,2
2019,1057,2
2020,1057,2
2020,1058,1
2015,1059,1
2016,1059,1
2017,1059,1
2018,1059,1
2019,1059,1
2020,1059,1
2015,1060,1
2016,1060,1
2017,1060,1
2018,1060,1
2019,1060,1
2020,1060,1
2015,1061,1
2016,1061,1
2017,1061,1
2018,1061,1
2019,1061,1
2020,1061,1
2015,1062,1
2016,1062,1
2017,1062,1
2018,1062,1
2019,1062,1
2020,1062,1
2015,1063,1
2016,1063,1
2017,1063,1
2015,1064,2
2016,1064,2
2017,1064,2
2018,1064,2
2019,1064,2
2020,1064,2
2020,1065,1
2015,1066,1
2016,1066,1
2017,1066,1
2018,1066,1
2019,1066,1
2020,1066,1
2018,1067,1
2019,1067,1
2020,1067,1
2015,1068,2
2016,1068,2
2017,1068,2
2018,1068,2
2019,1068,2
2020,1068,2
2015,1069,2
2016,1069,2
2017,1069,2
2018,1069,2
2019,1069,2
2020,1069,2
2015,1070,1
2016,1070,1
2017,1070,1
2018,1070,1
2019,1070,1
2020,1070,1
2018,1071,1
2019,1071,1
2020,1071,1
2019,1072,3
2020,1072,3
2016,1073,1
2017,1073,1
2018,1073,1
2019,1073,1
2020,1073,1
2015,1074,1
2016,1074,1
2017,1074,1
2018,1074,1
2019,1074,1
2020,1074,1
2015,1075,1
2016,1075,1
2017,1075,2
2018,1075,2
2019,1075,2
2020,1075,2
2015,1076,1
2016,1076,1
2017,1076,1
2018,1076,1
2019,1076,1
2020,1076,1
2019,1077,1
2020,1077,1
2015,1078,1
2016,1078,1
2017,1078,1
2018,1078,1
2019,1078,1
2020,1078,1
2015,1079,1
2016,1079,1
2017,1079,1
2018,1079,1
2019,1079,1
2020,1079,1
2015,1080,1
2016,1080,1
2017,1080,1
2018,1080,1
2019,1080,1
2020,1080,1
2015,1081,1
2016,1081,1
2017,1081,1
2018,1081,1
2019,1081,1
2020,1081,1
2018,1082,3
2019,1082,3
2020,1082,3
2015,1083,1
2016,1083,1
2017,1083,1
2018,1083,1
2019,1083,1
2020,1083,1
2017,1084,1
2018,1084,1
2019,1084,1
2020,1084,1
2018,1085,1
2019,1085,1
2020,1085,1
2020,1086,1
2015,1087,1
2016,1087,1
2017,1087,1
2018,1087,1
2019,1087,1
2020,1087,1
2015,1088,1
2017,1089,1
2018,1089,1
2019,1089,1
2020,1089,1
2015,1090,1
2016,1090,1
2017,1090,1
2018,1090,1
2019,1090,1
2020,1090,1
2015,1091,1
2015,1092,2
2016,1092,2
2017,1092,2
2018,1092,1
2019,1092,1
2020,1092,1
2015,1093,1
2016,1093,1
2017,1093,1
2018,1093,1
2019,1093,1
2020,1093,1
2015,1094,1
2016,1094,1
2017,1094,3
2018,1094,3
2019,1094,3
2016,1095,1
2017,1095,1
2018,1095,1
2019,1095,1
2020,1095,1
2015,1096,2
2016,1096,2
2017,1096,1
2018,1096,1
2019,1096,1
2020,1096,1
2015,1097,1
2016,1097,1
2017,1097,1
2018,1097,1
2019,1097,1
2020,1097,1
2015,1098,1
2016,1098,1
2017,1098,1
2018,1098,1
2019,1098,1
2020,1098,1
2020,1099,1
2015,1100,1
2016,1100,1
2017,1100,1
2018,1100,1
2019,1100,1
2020,1100,1
2017,1101,1
2018,1101,1
2019,1101,2
2020,1101,2
2015,1102,2
2016,1102,2
2017,1102,2
2016,1103,1
2017,1103,1
2018,1103,1
2019,1103,1
2020,1103,1
2015,1104,1
2016,1104,1
2017,1104,1
2018,1104,1
2019,1104,1
2020,1104,1
2015,1105,1
2016,1105,1
2017,1105,1
2018,1105,1
2019,1105,1
2020,1105,1
2015,1106,1
2016,1106,1
2017,1106,1
2018,1106,1
2019,1106,3
2020,1106,3
2015,1107,1
2016,1107,3
2017,1107,3
2018,1107,3
2019,1107,3
2020,1107,3
2015,1108,1
2016,1108,1
2017,1108,1
2018,1108,1
2019,1108,1
2020,1108,1
2015,1109,2
2016,1109,2
2017,1109,2
2018,1109,2
2019,1109,2
2020,1109,2
2015,1110,1
2016,1110,1
2017,1110,1
2018,1110,3
2019,1110,3
2020,1110,3
2019,1111,1
2020,1111,1
2015,1112,1
2016,1112,1
2017,1112,1
2018,1112,1
2019,1112,1
2020,1112,1
2018,1113,1
2019,1113,1
2020,1113,1
2019,1114,1
2020,1114,1
2015,1115,1
2016,1115,1
2017,1115,1
2018,1115,1
2019,1115,1
2020,1115,1
2015,1116,1
2016,1116,1
2017,1116,1
2018,1116,1
2019,1116,1
2015,1117,1
2016,1117,1
2017,1117,1
2018,1117,1
2019,1117,1
2020,1117,1
2015,1118,1
2016,1118,1
2017,1118,1
2018,1118,1
2019,1118,1
2020,1118,1
2017,1119,1
2018,1119,1
2019,1119,1
2020,1119,1
2015,1120,1
2016,1120,1
2017,1120,1
2018,1120,1
2019,1120,1
2020,1120,1
2015,1121,1
2016,1121,1
2017,1121,1
2018,1121,1
2019,1121,3
2020,1121,3
2015,1122,1
2016,1122,1
2017,1122,1
2015,1123,1
2016,1123,3
2017,1123,3
2018,1123,3
2019,1123,3
2020,1123,3
2015,1124,2
2016,1124,2
2017,1124,2
2018,1124,2
2019,1124,2
2020,1124,2
2016,1125,1
2019,1126,1
2020,1126,1
2015,1127,1
2016,1127,1
2017,1127,1
2018,1127,1
2019,1127,1
2020,1127,1
2015,1128,1
2016,1128,1
2017,1128,1
2018,1128,1
2019,1128,1
2020,1128,1
2015,1129,1
2016,1129,1
2017,1129,1
2018,1129,1
2019,1129,1
2020,1129,1
2015,1130,1
2016,1130,1
2017,1130,1
2015,1131,1
2016,1131,1
2017,1131,1
2018,1131,1
2019,1131,1
2020,1131,1
2018,1132,1
2019,1132,1
2020,1132,1
2020,1133,1
2015,1134,1
2016,1134,1
2017,1134,1
2018,1134,1
2019,1134,1
2020,1134,1
2015,1135,1
2016,1135,1
2017,1135,1
2018,1135,2
2019,1135,2
2020,1135,2
2015,1136,1
2016,1136,1
2017,1136,1
2018,1136,1
2019,1136,1
2020,1136,1
2016,1137,1
2017,1137,1
2018,1137,1
2019,1137,1
2020,1137,1
2015,1138,1
2016,1138,1
2017,1138,1
2018,1138,1
2019,1138,1
2020,1138,1
2018,1139,1
2019,1139,1
2020,1139,1
2015,1140,2
2016,1140,2
2017,1140,2
2018,1140,2
2019,1140,3
2020,1140,3
2015,1141,1
2016,1141,1
2017,1141,1
2018,1141,1
2019,1141,1
2020,1141,1
2019,1142,1
2020,1142,1
2015,1143,1
2016,1143,1
2017,1143,1
2018,1143,1
2019,1143,1
2020,1143,1
2015,1144,1
2016,1144,1
2017,1144,1
2018,1144,1
2019,1144,1
2020,1144,1
2015,1145,2
2016,1145,2
2017,1145,2
2018,1145,2
2019,1145,2
2020,1145,2
2015,1146,1
2016,1146,1
2017,1146,1
2018,1146,1
2019,1146,1
2020,1146,1
2015,1147,2
2016,1147,2
2017,1147,2
2018,1147,2
2019,1147,2
2020,1147,2
2015,1148,1
2016,1148,1
2017,1148,1
2018,1148,1
2019,1148,1
2020,1148,1
2015,1149,1
2016,1149,1
2017,1149,1
2018,1149,1
2019,1149,1
2020,1149,1
2015,1150,2
2016,1150,2
2017,1150,2
2018,1150,2
2019,1150,2
2020,1150,2
2020,1151,1
2015,1152,1
2016,1152,1
2017,1152,1
2018,1152,1
2019,1152,1
2020,1152,1
2015,1153,1
2016,1153,1
2017,1153,1
2018,1153,1
2019,1153,1
2020,1153,1
2020,1154,1
2015,1155,1
2015,1156,1
2016,1156,1
2017,1156,1
2018,1156,1
2019,1156,1
2020,1156,1
2017,1157,1
2018,1157,1
2019,1157,1
2020,1157,1
2015,1158,1
2016,1158,1
2017,1158,1
2018,1158,1
2019,1158,1
2020,1158,1
2015,1159,1
2016,1159,1
2017,1159,1
2018,1159,1
2019,1159,1
2020,1159,1
2015,1160,1
2016,1160,1
2017,1160,1
2018,1160,1
2019,1160,1
2020,1160,1
2018,1161,1
2019,1161,1
2020,1161,1
2015,1162,1
2016,1162,1
2017,1162,1
2018,1162,1
2019,1162,1
2020,1162,1
2015,1163,1
2015,1164,1
2016,1164,1
2017,1164,1
2018,1164,1
2019,1164,1
2020,1164,1
2015,1165,2
2016,1165,2
2017,1165,2
2018,1165,2
2019,1165,2
2020,1165,2
2015,1166,1
2016,1166,1
2017,1166,1
2018,1166,1
2019,1166,1
2020,1166,1
2015,1167,1
2016,1167,1
2017,1167,1
2018,1167,1
2019,1167,1
2020,1167,1
2016,1168,1
2017,1168,1
2018,1168,1
2019,1168,1
2020,1168,1
2015,1169,2
2016,1169,2
2017,1169,2
2018,1169,2
2019,1169,2
2020,1169,2
2015,1170,1
2016,1170,1
2017,1170,1
2015,1171,1
2016,1171,1
2017,1171,1
2018,1171,1
2019,1171,1
2020,1171,1
2015,1172,2
2016,1172,2
2017,1172,2
2018,1172,2
2019,1172,2
2020,1172,2
2015,1173,1
2016,1173,1
2017,1173,1
2018,1173,1
2019,1173,1
2020,1173,1
2015,1174,1
2016,1174,1
2017,1174,1
2018,1174,1
2019,1174,1
2020,1174,1
2015,1175,1
2016,1175,1
2017,1175,1
2018,1175,3
2019,1175,3
2020,1175,3
2015,1176,1
2016,1176,1
2017,1176,1
2018,1176,1
2019,1176,1
2020,1176,1
2017,1177,1
2018,1177,1
2019,1177,1
2020,1177,1
2015,1178,1
2016,1178,1
2017,1178,1
2018,1178,1
2019,1178,1
2020,1178,1
2015,1179,1
2016,1179,1
2017,1179,1
2018,1179,1
2019,1179,1
2020,1179,1
2018,1180,1
2019,1180,1
2020,1180,1
2015,1181,1
2016,1181,3
2017,1181,3
2018,1181,3
2019,1181,3
2020,1181,3
2015,1182,1
2016,1182,1
2017,1182,1
2018,1182,1
2019,1182,1
2020,1182,1
2015,1183,1
2016,1183,1
2017,1183,1
2018,1183,1
2019,1183,1
2020,1183,1
2015,1184,1
2016,1184,2
2017,1184,2
2018,1184,2
2019,1184,2
2020,1184,2
2015,1185,1
2016,1185,1
2017,1185,1
2018,1185,1
2019,1185,1
2020,1185,1
2015,1186,1
2016,1186,1
2017,1186,1
2018,1186,1
2019,1186,1
2020,1186,1
2015,1187,1
2016,1187,1
2017,1187,1
2018,1187,1
2019,1187,3
2020,1187,3
2015,1188,1
2016,1188,1
2017,1188,1
2018,1188,1
2019,1188,1
2020,1188,1
2015,1189,1
2016,1189,1
2017,1189,1
2018,1189,1
2019,1189,1
2020,1189,1
2015,1190,1
2016,1190,1
2017,1190,1
2018,1190,1
2019,1190,1
2020,1190,1
2015,1191,2
2016,1191,2
2017,1191,2
2015,1192,1
2016,1192,1
2017,1192,1
2018,1192,1
2019,1192,1
2020,1192,1
2015,1193,1
2016,1193,1
2017,1193,1
2018,1193,1
2019,1193,1
2020,1193,1
2020,1194,1
2016,1195,2
2017,1195,2
2018,1195,2
2019,1195,2
2020,1195,2
2020,1196,1
2015,1197,1
2016,1197,1
2017,1197,1
2018,1197,1
2019,1197,1
2020,1197,1
2015,1198,1
2016,1198,1
2017,1198,1
2018,1198,1
2019,1198,1
2020,1198,1
2015,1199,1
2016,1199,1
2017,1199,1
2018,1199,1
2019,1199,1
2020,1199,2
2015,1200,1
2016,1200,1
2017,1200,1
2015,1201,1
2016,1201,1
2017,1201,1
2018,1201,1
2019,1201,1
2020,1201,1
2015,1202,1
2016,1202,1
2017,1202,1
2018,1202,1
2019,1202,1
2020,1202,1
2015,1203,1
2016,1203,1
2017,1203,1
2018,1203,1
2019,1203,1
2020,1203,1
2018,1204,1
2019,1204,1
2020,1204,1
2015,1205,1
2016,1205,1
2017,1205,1
2018,1205,1
2019,1205,1
2020,1205,1
2015,1206,1
2016,1206,1
2017,1206,1
2018,1206,1
2019,1206,1
2020,1206,1
2015,1207,1
2016,1207,1
2017,1207,1
2018,1207,1
2019,1207,1
2020,1207,1
2015,1208,1
2016,1208,1
2017,1208,1
2018,1208,1
2019,1208,1
2020,1208,1
2015,1209,1
2016,1209,1
2017,1209,1
2018,1209,1
2019,1209,1
2020,1209,1
2015,1210,1
2016,1210,1
2017,1210,1
2018,1210,1
2019,1210,1
2020,1210,1
2015,1211,1
2016,1211,1
2017,1211,1
2018,1211,1
2019,1211,1
2020,1211,1
2015,1212,2
2016,1212,2
2017,1212,2
2018,1212,3
2019,1212,3
2020,1212,3
2015,1213,1
2016,1213,1
2017,1213,1
2018,1213,1
2019,1213,1
2020,1213,1
2015,1214,1
2016,1214,1
2017,1214,1
2018,1214,1
2019,1214,1
2020,1214,2
2015,1215,1
2016,1215,1
2017,1215,1
2018,1215,1
2019,1215,1
2020,1215,1
2015,1216,2
2016,1216,2
2017,1216,2
2018,1216,2
2019,1216,2
2020,1216,2
2015,1217,1
2016,1217,1
2017,1217,1
2018,1217,1
2019,1217,1
2020,1217,1
2015,1218,1
2016,1218,1
2017,1218,1
2018,1218,1
2019,1218,1
2020,1218,1
2015,1219,1
2016,1219,1
2017,1219,1
2018,1219,1
2019,1219,1
2020,1219,1
2015,1220,2
2016,1220,2
2017,1220,2
2018,1220,2
2019,1220,2
2020,1220,2
2015,1221,1
2016,1221,1
2017,1221,1
2018,1221,1
2019,1221,1
2020,1221,1
2015,1222,1
2016,1222,1
2017,1222,1
2018,1222,1
2019,1222,1
2020,1222,1
2015,1223,1
2016,1223,1
2017,1223,1
2018,1223,1
2019,1223,1
2020,1223,1
2015,1224,1
2016,1224,1
2017,1224,1
2018,1224,1
2019,1224,1
2020,1224,1
2018,1225,2
2019,1225,2
2020,1225,2
2015,1226,1
2016,1226,1
2017,1226,1
2018,1226,1
2019,1226,1
2020,1226,1
2015,1227,2
2016,1227,2
2017,1227,2
2018,1227,2
2019,1227,2
2020,1227,2
2015,1228,1
2016,1228,1
2017,1228,1
2018,1228,1
2019,1228,1
2020,1228,1
2016,1229,1
2017,1229,1
2015,1230,1
2016,1230,1
2017,1230,2
2018,1230,2
2019,1230,2
2020,1230,2
2019,1231,1
2020,1231,1
2020,1232,3
2020,1233,1
2015,1234,1
2016,1234,1
2017,1234,1
2018,1234,1
2019,1234,1
2020,1234,1
2015,1235,1
2016,1235,1
2017,1235,1
2018,1235,1
2019,1235,1
2020,1235,1
2015,1236,1
2016,1236,1
2017,1236,1
2018,1236,1
2019,1236,1
2020,1236,1
2015,1237,1
2016,1237,1
2017,1237,1
2018,1237,1
2019,1237,1
2020,1237,1
2015,1238,2
2016,1238,2
2017,1238,2
2018,1238,2
2019,1238,2
2020,1238,2
2015,1239,1
2016,1239,1
2017,1239,1
2018,1239,1
2019,1239,1
2020,1239,1
2017,1240,2
2018,1240,2
2019,1240,2
2020,1240,2
2015,1241,1
2016,1241,1
2017,1241,1
2018,1241,1
2019,1241,1
2020,1241,1
2015,1242,1
2016,1242,1
2017,1242,1
2018,1242,1
2019,1242,1
2020,1242,1
2020,1243,2
2015,1244,1
2016,1244,1
2017,1244,1
2018,1244,1
2019,1244,3
2020,1244,3
2015,1245,2
2016,1245,2
2017,1245,2
2018,1245,2
2019,1245,2
2020,1245,2
2015,1246,1
2016,1246,1
2015,1247,1
2016,1247,1
2017,1247,1
2018,1247,1
2019,1247,1
2020,1247,1
2015,1248,1
2016,1248,1
2017,1248,1
2018,1248,1
2019,1248,1
2020,1248,1
2015,1249,1
2016,1249,1
2017,1249,1
2018,1249,1
2019,1249,1
2020,1249,1
2015,1250,2
2016,1250,2
2017,1250,2
2018,1250,2
2019,1250,2
2020,1250,2
2015,1251,2
2016,1251,2
2017,1251,2
2018,1251,2
2019,1251,2
2020,1251,2
2015,1252,1
2016,1252,1
2017,1252,1
2018,1252,1
2019,1252,1
2020,1252,1
2015,1253,1
2016,1253,1
2017,1253,1
2018,1253,1
2019,1253,1
2020,1253,1
2015,1254,1
2016,1254,1
2017,1254,1
2018,1254,1
2019,1254,1
2020,1254,1
2015,1255,1
2016,1255,1
2017,1255,1
2018,1255,1
2019,1255,1
2020,1255,1
2015,1256,1
2016,1256,1
2017,1256,1
2018,1256,1
2019,1256,1
2020,1256,1
2015,1257,1
2016,1257,1
2017,1257,1
2018,1257,1
2019,1257,1
2020,1257,1
2015,1258,1
2016,1258,1
2017,1258,1
2018,1258,1
2019,1258,1
2020,1258,1
2015,1259,2
2016,1259,2
2017,1259,2
2018,1259,2
2019,1259,2
2020,1259,2
2015,1260,1
2016,1260,1
2017,1260,1
2018,1260,2
2019,1260,2
2020,1260,2
2015,1261,1
2016,1261,1
2017,1261,1
2018,1261,1
2019,1261,1
2020,1261,1
2015,1262,1
2016,1262,1
2017,1262,1
2018,1262,1
2019,1262,1
2020,1262,1
2015,1263,1
2016,1263,1
2017,1263,1
2018,1263,1
2019,1263,1
2020,1263,1
2015,1264,1
2016,1264,1
2017,1264,1
2018,1264,1
2019,1264,1
2020,1264,1
2015,1265,1
2016,1265,1
2017,1265,1
2018,1265,1
2019,1265,1
2020,1265,1
2015,1266,1
2016,1266,1
2017,1266,1
2018,1266,1
2019,1266,1
2020,1266,1
2015,1267,1
2016,1267,1
2017,1267,1
2018,1267,1
2019,1267,1
2020,1267,1
2015,1268,1
2016,1268,1
2017,1268,1
2018,1268,1
2019,1268,1
2020,1268,1
2015,1269,1
2016,1269,1
2017,1269,1
2018,1269,1
2019,1269,1
2020,1269,1
2015,1270,1
2016,1270,1
2017,1270,1
2018,1270,1
2019,1270,1
2015,1271,1
2016,1271,1
2017,1271,1
2018,1271,1
2019,1271,1
2020,1271,1
2015,1272,1
2016,1272,1
2017,1272,1
2018,1272,1
2019,1272,1
2020,1272,1
2019,1273,1
2020,1273,1
2015,1274,1
2016,1274,1
2017,1274,1
2018,1274,1
2019,1274,1
2020,1274,1
2020,1275,1
2015,1276,1
2016,1276,1
2017,1276,1
2018,1276,1
2019,1276,1
2020,1276,1
2015,1277,1
2016,1277,1
2017,1277,1
2018,1277,1
2019,1277,1
2020,1277,1
2015,1278,1
2016,1278,1
2017,1278,1
2018,1278,1
2019,1278,1
2020,1278,1
2018,1279,1
2019,1279,1
2020,1279,1
2015,1280,2
2016,1280,2
2017,1280,2
2018,1280,2
2019,1280,2
2020,1280,2
2015,1281,1
2016,1281,1
2017,1281,1
2018,1281,1
2019,1281,1
2020,1281,1
2015,1282,1
2016,1282,1
2017,1282,1
2018,1282,1
2019,1282,1
2020,1282,2
2015,1283,2
2016,1283,2
2017,1283,2
2018,1283,2
2019,1283,2
2020,1283,2
2015,1284,1
2016,1284,1
2017,1284,1
2018,1284,1
2019,1284,1
2020,1284,1
2018,1285,1
2019,1285,1
2020,1285,1
2015,1286,1
2016,1286,1
2017,1286,1
2018,1286,1
2019,1286,1
2020,1286,1
2015,1287,1
2016,1287,1
2017,1287,3
2018,1287,3
2019,1287,3
2020,1287,3
2015,1288,1
2015,1289,1
2016,1289,1
2017,1289,1
2018,1289,1
2019,1289,1
2020,1289,1
2017,1290,1
2018,1290,1
2019,1290,1
2020,1290,1
2015,1291,1
2016,1291,3
2017,1291,3
2018,1291,3
2019,1291,3
2020,1291,3
2015,1292,1
2016,1292,1
2017,1292,1
2018,1292,1
2019,1292,1
2020,1292,1
2015,1293,1
2016,1293,1
2017,1293,1
2018,1293,1
2019,1293,1
2020,1293,1
2015,1294,1
2016,1294,1
2017,1294,1
2018,1294,1
2019,1294,1
2020,1294,1
2015,1295,1
2016,1295,1
2017,1295,1
2018,1295,1
2019,1295,1
2020,1295,1
2015,1296,1
2016,1296,2
2017,1296,2
2018,1296,2
2019,1296,2
2020,1296,2
2015,1297,1
2016,1297,1
2017,1297,1
2018,1297,1
2019,1297,1
2020,1297,1
2015,1298,1
2016,1298,1
2017,1298,1
2018,1298,1
2019,1298,1
2020,1298,1
2016,1299,2
2017,1299,2
2018,1299,2
2019,1299,2
2020,1299,2
2017,1300,1
2018,1300,1
2019,1300,1
2020,1300,1
2015,1301,1
2016,1301,1
2017,1301,1
2018,1301,1
2019,1301,1
2020,1301,1
2015,1302,1
2016,1302,1
2017,1302,1
2018,1302,1
2019,1302,1
2020,1302,1
2015,1303,2
2016,1303,2
2017,1303,2
2018,1303,2
2019,1303,2
2020,1303,2
2015,1304,1
2016,1304,3
2017,1304,3
2018,1304,3
2019,1304,3
2020,1304,3
2015,1305,1
2016,1305,1
2017,1305,2
2018,1305,2
2019,1305,2
2020,1305,2
2015,1306,1
2016,1306,1
2017,1306,1
2018,1306,2
2019,1306,2
2020,1306,2
2015,1307,1
2016,1307,1
2017,1307,1
2015,1308,2
2016,1308,2
2017,1308,2
2018,1308,2
2019,1308,2
2020,1308,2
2015,1309,1
2016,1309,1
2017,1309,1
2018,1309,1
2019,1309,1
2020,1309,1
2015,1310,2
2016,1310,2
2017,1310,2
2018,1310,2
2015,1311,2
2016,1311,2
2017,1311,2
2018,1311,2
2019,1311,2
2020,1311,2
2015,1312,1
2016,1312,1
2017,1312,1
2018,1312,1
2019,1312,1
2020,1312,1
2015,1313,1
2016,1313,1
2017,1313,1
2018,1313,1
2019,1313,1
2020,1313,1
2015,1314,1
2016,1314,1
2017,1314,1
2018,1314,1
2019,1314,1
2020,1314,1
2015,1315,1
2016,1315,1
2017,1315,1
2018,1315,1
2019,1315,1
2020,1315,1
2015,1316,1
2016,1316,1
2017,1316,1
2018,1316,1
2019,1316,1
2020,1316,1
2015,1317,1
2016,1317,1
2017,1317,1
2018,1317,1
2019,1317,1
2020,1317,1
2015,1318,1
2016,1318,1
2017,1318,1
2018,1318,1
2019,1318,2
2020,1318,2
2016,1319,1
2017,1319,1
2018,1319,1
2019,1319,1
2020,1319,1
2015,1320,1
2016,1320,1
2017,1320,1
2018,1320,1
2019,1320,1
2020,1320,1
2015,1321,1
2016,1321,1
2017,1321,1
2018,1321,1
2019,1321,1
2020,1321,1
2015,1322,1
2016,1322,1
2017,1322,1
2018,1322,1
2019,1322,1
2020,1322,1
2015,1323,1
2016,1323,1
2017,1323,1
2018,1323,1
2019,1323,1
2015,1324,1
2016,1324,1
2017,1324,1
2018,1324,1
2019,1324,1
2020,1324,1
2015,1325,1
2016,1325,1
2017,1325,1
2018,1325,2
2019,1325,2
2020,1325,2
2015,1326,1
2016,1326,1
2017,1326,1
2018,1326,2
2019,1326,2
2020,1326,2
2015,1327,1
2016,1327,1
2017,1327,1
2018,1327,1
2019,1327,1
2020,1327,2
2015,1328,2
2016,1328,2
2017,1328,2
2018,1328,2
2019,1328,2
2020,1328,2
2015,1329,1
2016,1329,1
2017,1329,1
2018,1329,1
2019,1329,1
2020,1329,1
2015,1330,1
2016,1330,1
2017,1330,1
2018,1330,3
2019,1330,3
2020,1330,3
2015,1331,1
2016,1331,1
2017,1331,1
2018,1331,1
2015,1332,1
2016,1332,1
2017,1332,1
2018,1332,1
2019,1332,1
2020,1332,1
2015,1333,1
2018,1334,2
2019,1334,2
2020,1334,2
2018,1335,1
2019,1335,1
2020,1335,1
2015,1336,2
2016,1336,2
2017,1336,2
2018,1336,2
2019,1336,2
2020,1336,1
2017,1337,1
2018,1337,1
2019,1337,1
2020,1337,1
2015,1338,1
2016,1338,1
2017,1338,1
2018,1338,1
2019,1338,1
2020,1338,1
2015,1339,1
2016,1339,1
2017,1339,1
2018,1339,1
2019,1339,1
2020,1339,1
2015,1340,1
2016,1340,1
2017,1340,1
2018,1340,1
2019,1340,1
2020,1340,1
2015,1341,1
2016,1341,1
2017,1341,1
2018,1341,1
2019,1341,1
2020,1341,1
2015,1342,1
2016,1342,1
2017,1342,1
2018,1342,1
2019,1342,1
2020,1342,1
2015,1343,1
2016,1343,1
2017,1343,1
2018,1343,1
2019,1343,1
2020,1343,1
2015,1344,1
2016,1344,1
2017,1344,1
2018,1344,1
2019,1344,1
2020,1344,1
2015,1345,1
2016,1345,1
2017,1345,1
2018,1345,1
2019,1345,1
2020,1345,1
2015,1346,1
2016,1346,1
2017,1346,1
2018,1346,1
2019,1346,1
2020,1346,1
2015,1347,2
2016,1347,2
2017,1347,2
2018,1347,2
2019,1347,2
2020,1347,2
2015,1348,1
2016,1348,1
2017,1348,1
2018,1348,1
2019,1348,1
2020,1348,1
2015,1349,1
2016,1349,1
2017,1349,1
2018,1349,1
2019,1349,1
2020,1349,1
2015,1350,1
2016,1350,1
2017,1350,1
2018,1350,1
2019,1350,1
2020,1350,1
2017,1351,1
2018,1351,2
2019,1351,2
2020,1351,2
2015,1352,2
2016,1352,2
2017,1352,2
2018,1352,2
2019,1352,2
2020,1352,2
2015,1353,1
2016,1353,1
2017,1353,1
2018,1353,1
2019,1353,1
2020,1353,1
2015,1354,1
2016,1354,1
2017,1354,1
2018,1354,1
2019,1354,1
2020,1354,1
2015,1355,1
2016,1355,1
2017,1355,1
2018,1355,1
2019,1355,1
2020,1355,1
2015,1356,1
2016,1356,1
2017,1356,1
2018,1356,3
2019,1356,3
2020,1356,3
2016,1357,1
2017,1357,1
2018,1357,1
2019,1357,1
2020,1357,1
2015,1358,1
2016,1358,1
2017,1358,1
2018,1358,1
2019,1358,1
2020,1358,1
2015,1359,2
2016,1359,2
2017,1359,2
2018,1359,2
2019,1359,2
2020,1359,2
2015,1360,2
2016,1360,2
2017,1360,2
2018,1360,2
2019,1360,2
2020,1360,2
2016,1361,1
2017,1361,1
2018,1361,1
2019,1361,1
2020,1361,1
2015,1362,1
2016,1362,1
2017,1362,1
2018,1362,1
2019,1362,1
2020,1362,1
2015,1363,2
2016,1363,2
2017,1363,2
2018,1363,2
2019,1363,2
2020,1363,2
2020,1364,1
2015,1365,1
2016,1365,1
2017,1365,1
2018,1365,1
2019,1365,1
2020,1365,1
2015,1366,1
2016,1366,1
2017,1366,1
2018,1366,1
2015,1367,1
2016,1367,1
2017,1367,1
2015,1368,1
2016,1368,1
2017,1368,1
2018,1368,1
2019,1368,1
2020,1368,1
2015,1369,1
2016,1369,1
2017,1369,1
2018,1369,1
2019,1369,1
2020,1369,1
2015,1370,1
2016,1370,1
2017,1370,1
2018,1370,1
2019,1370,1
2020,1370,1
2015,1371,1
2016,1371,1
2017,1371,1
2015,1372,1
2016,1372,1
2017,1372,1
2018,1372,1
2019,1372,1
2020,1372,1
2015,1373,1
2016,1373,1
2017,1373,1
2018,1373,1
2019,1373,1
2020,1373,1
2015,1374,1
2016,1374,1
2017,1374,1
2018,1374,1
2019,1374,1
2020,1374,1
2015,1375,2
2016,1375,2
2017,1375,2
2018,1375,2
2019,1375,2
2020,1375,2
2018,1376,1
2019,1376,1
2020,1376,1
2015,1377,2
2016,1377,1
2017,1377,1
2018,1377,1
2015,1378,1
2016,1378,1
2017,1378,1
2015,1379,1
2016,1379,1
2017,1379,1
2018,1379,1
2019,1379,1
2020,1379,1
2019,1380,1
2020,1380,1
2015,1381,1
2016,1381,1
2017,1381,1
2018,1381,1
2019,1381,1
2015,1382,2
2016,1382,3
2017,1382,3
2018,1382,3
2019,1382,3
2020,1382,3
2015,1383,1
2016,1383,2
2017,1383,2
2018,1383,2
2019,1383,2
2020,1383,2
2015,1384,1
2016,1384,1
2017,1384,1
2018,1384,1
2019,1384,1
2020,1384,1
2015,1385,1
2016,1385,1
2017,1385,1
2018,1385,1
2019,1385,1
2020,1385,1
2019,1386,2
2020,1386,2
2015,1387,1
2016,1387,1
2017,1387,1
2018,1387,1
2019,1387,1
2020,1387,1
2015,1388,1
2016,1388,1
2017,1388,1
2018,1388,1
2019,1388,1
2020,1388,1
2015,1389,1
2016,1389,1
2017,1389,1
2018,1389,1
2019,1389,1
2020,1389,1
2015,1390,1
2016,1390,1
2017,1390,1
2018,1390,1
2019,1390,1
2020,1390,1
2015,1391,2
2016,1391,2
2017,1391,2
2018,1391,2
2019,1391,2
2020,1391,1
2015,1392,1
2016,1392,1
2017,1392,1
2018,1392,1
2019,1392,1
2020,1392,1
2018,1393,2
2019,1393,2
2020,1393,2
2018,1394,2
2019,1394,2
2020,1394,2
2015,1395,1
2016,1395,1
2017,1395,1
2018,1395,1
2019,1395,1
2020,1395,2
2015,1396,1
2016,1396,1
2017,1396,1
2018,1396,1
2019,1396,1
2020,1396,1
2015,1397,2
2016,1397,2
2017,1397,2
2018,1397,2
2019,1397,2
2020,1397,2
2015,1398,1
2016,1398,1
2017,1398,1
2018,1398,1
2019,1398,1
2020,1398,1
2015,1399,2
2016,1399,2
2017,1399,2
2018,1399,2
2019,1399,2
2020,1399,2
2015,1400,1
2016,1400,1
2017,1400,1
2018,1400,1
2019,1400,1
2020,1400,1
2015,1401,1
2016,1401,1
2017,1401,1
2018,1401,1
2019,1401,1
2020,1401,1
2015,1402,2
2016,1402,2
2017,1402,2
2018,1402,2
2019,1402,2
2020,1402,2
2016,1403,1
2017,1403,1
2018,1403,1
2019,1403,1
2020,1403,1
2015,1404,1
2016,1404,1
2017,1404,1
2018,1404,1
2019,1404,1
2020,1404,2
2015,1405,1
2016,1405,1
2017,1405,1
2018,1405,1
2019,1405,1
2020,1405,1
2015,1406,1
2016,1406,1
2017,1406,1
2018,1406,1
2019,1406,1
2020,1406,1
2015,1407,1
2016,1407,1
2017,1407,1
2018,1407,1
2019,1407,1
2020,1407,1
2015,1408,1
2016,1408,1
2017,1408,1
2018,1408,1
2019,1408,1
2020,1408,1
2015,1409,1
2016,1409,1
2017,1409,1
2018,1409,1
2019,1409,1
2020,1409,1
2015,1410,1
2016,1410,1
2017,1410,1
2018,1410,1
2019,1410,1
2020,1410,1
2015,1411,2
2016,1411,2
2017,1411,2
2018,1411,2
2019,1411,2
2020,1411,2
2015,1412,1
2016,1412,1
2017,1412,1
2018,1412,1
2019,1412,1
2020,1412,1
2015,1413,2
2016,1413,2
2017,1413,2
2018,1413,2
2019,1413,2
2020,1413,2
2019,1414,3
2020,1414,3
2015,1415,1
2016,1415,1
2017,1415,1
2018,1415,1
2019,1415,1
2020,1415,1
2015,1416,1
2016,1416,1
2017,1416,1
2018,1416,1
2019,1416,1
2020,1416,1
2015,1417,1
2016,1417,1
2017,1417,1
2018,1417,1
2019,1417,1
2020,1417,1
2015,1418,1
2016,1418,1
2017,1418,1
2018,1418,1
2019,1418,1
2020,1418,1
2015,1419,1
2016,1419,1
2017,1419,1
2018,1419,1
2019,1419,1
2020,1419,1
2018,1420,1
2019,1420,1
2020,1420,1
2015,1421,1
2016,1421,3
2017,1421,3
2018,1421,3
2019,1421,3
2020,1421,3
2015,1422,1
2016,1422,1
2017,1422,1
2018,1422,1
2019,1422,1
2020,1422,1
2015,1423,1
2016,1423,1
2017,1423,1
2015,1424,1
2016,1424,1
2017,1424,1
2018,1424,1
2019,1424,1
2020,1424,1
2015,1425,2
2016,1425,2
2017,1425,2
2018,1425,2
2019,1425,2
2020,1425,2
2015,1426,2
2016,1426,2
2017,1426,2
2018,1426,2
2019,1426,2
2020,1426,2
2015,1427,1
2016,1427,1
2017,1427,1
2018,1427,1
2019,1427,1
2020,1427,2
2015,1428,1
2016,1428,1
2017,1428,1
2018,1428,1
2019,1428,1
2020,1428,1
2015,1429,1
2016,1429,1
2017,1429,1
2018,1429,1
2019,1429,1
2020,1429,1
2015,1430,1
2016,1430,1
2017,1430,1
2018,1430,1
2019,1430,1
2020,1430,1
2015,1431,1
2016,1431,1
2017,1431,1
2018,1431,1
2019,1431,1
2020,1431,1
2015,1432,1
2016,1432,1
2017,1432,1
2018,1432,1
2019,1432,1
2020,1432,1
2015,1433,1
2016,1433,1
2017,1433,1
2018,1433,1
2019,1433,1
2020,1433,1
2015,1434,1
2016,1434,1
2017,1434,1
2018,1434,1
2019,1434,3
2020,1434,3
2015,1435,2
2016,1435,2
2017,1435,2
2018,1435,2
2019,1435,2
2020,1435,2
2015,1436,2
2016,1436,2
2017,1436,2
2018,1436,2
2019,1436,1
2020,1436,1
2015,1437,1
2016,1437,1
2017,1437,1
2018,1437,1
2019,1437,1
2020,1437,1
2015,1438,1
2016,1438,1
2017,1438,1
2018,1438,1
2019,1438,1
2020,1438,2
2015,1439,1
2016,1439,1
2017,1439,1
2018,1439,1
2019,1439,1
2020,1439,1
2016,1440,2
2017,1440,2
2018,1440,2
2019,1440,2
2020,1440,2
2015,1441,1
2016,1441,1
2017,1441,1
2018,1441,1
2019,1441,1
2020,1441,1
2015,1442,1
2016,1442,1
2017,1442,1
2018,1442,1
2019,1442,1
2020,1442,1
2015,1443,1
2016,1443,1
2017,1443,1
2018,1443,1
2019,1443,1
2020,1443,2
2015,1444,1
2016,1444,1
2017,1444,1
2018,1444,1
2019,1444,1
2020,1444,1
2015,1445,1
2016,1445,1
2017,1445,1
2018,1445,1
2019,1445,1
2020,1445,1
2015,1446,2
2016,1446,2
2017,1446,2
2018,1446,2
2019,1446,2
2020,1446,2
2015,1447,1
2016,1447,1
2017,1447,2
2015,1448,2
2016,1448,2
2017,1448,2
2018,1448,2
2019,1448,2
2020,1448,2
2015,1449,1
2016,1449,1
2017,1449,1
2018,1449,1
2019,1449,1
2020,1449,1
2020,1450,1
2015,1451,1
2016,1451,1
2017,1451,1
2018,1451,1
2019,1451,1
2020,1451,1
2015,1452,1
2016,1452,1
2017,1452,1
2018,1452,1
2019,1452,1
2020,1452,1
2015,1453,1
2016,1453,1
2017,1453,1
2018,1453,1
2019,1453,1
2020,1453,1
2015,1454,1
2016,1454,1
2017,1454,1
2018,1454,1
2019,1454,1
2020,1454,1
2015,1455,1
2016,1455,1
2017,1455,1
2018,1455,1
2019,1455,1
2020,1455,1
2015,1456,1
2016,1456,1
2017,1456,1
2018,1456,1
2019,1456,1
2020,1456,1
2015,1457,1
2016,1457,1
2017,1457,1
2018,1457,1
2019,1457,1
2020,1457,1
2015,1458,1
2016,1458,1
2017,1458,1
2018,1458,1
2015,1459,1
2016,1459,1
2017,1459,1
2018,1459,1
2019,1459,1
2020,1459,1
2016,1460,1
2017,1460,1
2018,1460,1
2019,1460,1
2020,1460,1
2015,1461,1
2016,1461,1
2017,1461,1
2018,1461,1
2019,1461,1
2020,1461,1
2015,1462,1
2016,1462,1
2017,1462,1
2018,1462,1
2019,1462,1
2020,1462,1
2015,1463,1
2016,1463,1
2017,1463,1
2018,1463,1
2019,1463,1
2020,1463,1
2015,1464,1
2016,1464,1
2017,1464,1
2018,1464,1
2019,1464,1
2020,1464,1
2015,1465,1
2016,1465,1
2017,1465,1
2018,1465,1
2019,1465,1
2020,1465,1
2015,1466,1
2016,1466,1
2017,1466,1
2018,1466,1
2019,1466,2
2020,1466,2
2015,1467,1
2016,1467,1
2017,1467,1
2018,1467,1
2019,1467,1
2020,1467,1
2017,1468,1
2018,1468,1
2019,1468,1
2020,1468,1
2015,1469,1
2016,1469,1
2017,1469,1
2018,1469,1
2019,1469,1
2020,1469,1
2015,1470,1
2016,1470,1
2017,1470,1
2018,1470,1
2019,1470,1
2020,1470,1
2015,1471,2
2016,1471,2
2017,1471,2
2018,1471,2
2019,1471,2
2020,1471,2
2015,1472,1
2016,1472,1
2017,1472,1
2018,1472,1
2019,1472,1
2020,1472,1
2015,1473,1
2016,1473,1
2017,1473,1
2018,1473,1
2019,1473,1
2020,1473,1
2015,1474,1
2016,1474,3
2017,1474,3
2018,1474,3
2019,1474,3
2020,1474,3
2015,1475,1
2016,1475,1
2017,1475,1
2018,1475,1
2019,1475,1
2020,1475,1
2015,1476,1
2016,1476,1
2017,1476,1
2018,1476,1
2019,1476,1
2020,1476,1
2015,1477,1
2016,1477,1
2017,1477,1
2018,1477,1
2019,1477,1
2020,1477,1
2015,1478,1
2016,1478,1
2017,1478,1
2018,1478,1
2019,1478,1
2020,1478,1
2019,1479,2
2020,1479,2
2017,1480,1
2018,1480,1
2019,1480,1
2020,1480,1
2015,1481,1
2016,1481,1
2017,1481,1
2018,1481,1
2019,1481,2
2020,1481,2
2015,1482,1
2016,1482,1
2017,1482,1
2018,1482,1
2019,1482,1
2020,1482,1
2017,1483,1
2018,1483,1
2019,1483,1
2020,1483,1
2015,1484,1
2016,1484,1
2017,1484,1
2018,1484,1
2019,1484,1
2020,1484,1
2018,1485,2
2019,1485,2
2020,1485,2
2017,1486,3
2018,1486,3
2019,1486,3
2020,1486,3
2015,1487,1
2016,1487,1
2017,1487,1
2018,1487,1
2019,1487,1
2020,1487,1
2018,1488,1
2019,1488,1
2020,1488,1
2015,1489,1
2016,1489,1
2017,1489,1
2018,1489,1
2019,1489,1
2020,1489,1
2015,1490,1
2016,1490,1
2017,1490,1
2018,1490,1
2019,1490,1
2020,1490,1
2015,1491,1
2016,1491,1
2017,1491,1
2018,1491,1
2019,1491,1
2020,1491,1
2015,1492,1
2016,1492,1
2017,1492,1
2018,1492,1
2019,1492,1
2020,1492,2
2015,1493,1
2016,1493,1
2017,1493,1
2015,1494,1
2016,1494,1
2017,1494,1
2018,1494,1
2019,1494,1
2020,1494,1
2015,1495,1
2016,1495,1
2017,1495,1
2018,1495,1
2019,1495,1
2020,1495,1
2020,1496,2
2015,1497,1
2016,1497,1
2017,1497,1
2018,1497,1
2019,1497,1
2020,1497,1
2015,1498,2
2016,1498,2
2017,1498,2
2018,1498,2
2019,1498,2
2020,1498,2
2015,1499,1
2016,1499,1
2017,1499,1
2018,1499,1
2019,1499,1
2020,1499,1
2015,1500,2
2016,1500,2
2017,1500,2
2018,1500,2
2019,1500,2
2020,1500,2
2015,1501,1
2016,1501,1
2017,1501,1
2018,1501,1
2019,1501,1
2020,1501,1
2015,1502,1
2016,1502,1
2017,1502,1
2018,1502,1
2015,1503,1
2016,1503,1
2017,1503,1
2018,1503,1
2019,1503,1
2020,1503,1
2015,1504,2
2016,1504,2
2017,1504,2
2018,1504,2
2019,1504,2
2020,1504,2
2015,1505,1
2016,1505,1
2017,1505,1
2018,1505,1
2015,1506,1
2016,1506,1
2017,1506,1
2018,1506,1
2019,1506,1
2020,1506,1
2018,1507,3
2019,1507,3
2020,1507,3
2015,1508,1
2016,1508,1
2017,1508,1
2018,1508,1
2019,1508,1
2020,1508,1
2015,1509,1
2016,1509,1
2017,1509,1
2018,1509,1
2015,1510,1
2016,1510,1
2017,1510,1
2018,1510,1
2019,1510,1
2015,1511,1
2016,1511,1
2017,1511,1
2018,1511,1
2019,1511,1
2020,1511,1
2015,1512,1
2016,1512,1
2017,1512,1
2018,1512,1
2019,1512,1
2020,1512,1
2015,1513,2
2016,1513,2
2017,1513,2
2018,1513,2
2019,1513,2
2020,1513,2
2015,1514,1
2016,1514,1
2017,1514,1
2018,1514,1
2019,1514,1
2020,1514,1
2015,1515,1
2016,1515,1
2017,1515,1
2018,1515,1
2019,1515,1
2020,1515,1
