firm_ID,X,lagged_ME
1,-63.1,2760.29
2,78.98,1919.58
3,3626.25,33980.48
4,185.59,9822.13
5,-35.73,1219.47
6,12068.17,177666.86
7,119.12,5962.8
8,20568.63,94602.26
9,1487.52,29664.16
10,2909.43,21943.74
11,-61253.67,312555.55
12,-45641.01,275625.61
13,9050.17,85962.93
14,93.01,8237.05
15,36532.92,129607.02
16,668.98,4875.79
17,676.13,11611.2
18,271.23,10061.66
19,627.2,9971.92
20,16175.68,82632.58
21,-666.29,5081.3
22,7529.17,49953.32
23,260.83,15336.65
24,3.97,7310.01
25,13411.35,120277.53
26,1165.92,14827.19
27,865.4,263421.51
28,1814.12,33153.53
29,49.23,1111.02
30,785.05,4775.3
31,80.36,15943.52
32,-14972.92,43571.18
33,1392.63,6801.71
34,1262.72,15308.23
35,2117.51,24198.02
36,3195.7,53867.47
37,624.77,8032.39
38,811.56,22820.5
39,414.06,2202.44
40,379.3,4728.74
41,-570.48,20217.25
42,163.21,1529.1
43,1832.25,20774.01
44,-116.15,25059.39
45,107.65,9460.23
46,928.37,12113.52
47,1799.71,30883.17
48,179.86,2431.03
49,644.7,14845.42
50,193.06,10314.32
51,478.76,5374.14
52,4995.71,58110.07
53,245.79,3237.22
54,2323.97,35975.23
55,123.79,4414.41
56,2188.93,28271.38
57,1869.53,15047.28
58,451.33,7413.2
59,1851.05,17434.87
60,4584.96,57799.8
61,27.12,361.94
62,846.46,14466.19
63,410.76,5921.24
64,1013.38,9382.31
65,36032.79,523580.33
66,-949.1,37577.65
67,1006.65,4359.77
68,1616.03,17534.37
69,23.27,5703.65
70,-1099.93,2934.96
71,1095.69,46844.74
72,337.33,27689.39
73,120.29,4881.96
74,9899.24,119887.52
75,-468.82,17676.49
76,767.69,14744.74
77,70.95,36523.63
78,-1062.1,21426.94
79,1562.21,12290.31
80,5664.83,66403.5
81,44.6,12591.24
82,391.29,6212.58
83,460778.86,6014523.78
84,144.64,1745.89
85,140.02,4362.09
86,291.01,4640.37
87,115.31,1427.83
88,849.69,7794.05
89,748.82,9763.46
90,503.14,9528.37
91,1207.47,16513.01
92,6044.11,104681.12
93,-130244.99,2946285.4
94,3554.21,85055.46
95,121.91,2951.78
96,726.31,18460.16
97,323,2878.16
98,-11443.52,138780.74
99,374.55,4042.55
100,29820.08,166826.85
101,9301.32,96268.71
102,19777.84,451477.07
103,159845.13,2497589.98
104,507.78,4283.23
105,632.45,9843.37
106,1022.63,131309.88
107,181.86,914.65
108,880.8,6694.1
109,5505.77,50620.07
110,12193.31,344430.13
111,1053.56,36121
112,-151.58,587.27
113,157.32,1808.66
114,-1668.35,18969.54
115,708.73,14896.31
116,-770.71,25901.99
117,-748.01,2406.5
118,1050.24,22891.95
119,752346.04,3833587.67
120,758.79,17868.51
121,539.03,4593.66
122,1055.12,17032.56
123,138.06,2182.61
124,-2185.4,20308.44
125,340.23,16162.68
126,654.43,8057.33
127,1494.36,9398.13
128,-8829.9,37101.51
129,5539.85,109946.96
130,1165.05,18284.4
131,12175.06,365660.44
132,104631.36,1314189.36
133,-1168.87,19831.05
134,-1408.85,9750.38
135,393.37,3947.64
136,7817.45,60753.19
137,44.16,8380.81
138,75118.25,471091.65
139,209.61,5973.79
140,1357.58,24331.02
141,5289.02,278258.21
142,8383,168795.78
143,889.64,78707.48
144,594.81,39773.83
145,475.83,1810.07
146,-81734.95,1031422.65
147,324510.74,2576044.85
148,720.66,6189.54
149,-9856.97,54636.79
150,272.24,10209.1
151,47.37,3964.05
152,16,17769.13
153,-110472.87,582042.9
154,27493.52,517581.33
155,208.91,6968.58
156,6281.31,77750.49
157,17458.45,512062.14
158,3441.51,25474.4
159,2050.29,101145.58
160,1830.09,42100.48
161,1372.63,16850.07
162,8031.11,121467.54
163,4783.77,67409.22
164,-911.32,8738.67
165,-131.26,4646.95
166,31080.29,660092.51
167,-3829.71,142846.58
168,3192.98,108294.93
169,-1273.36,18260.56
170,106.97,1478.48
171,-6091.32,71977.44
172,1453.38,10727.59
173,90.51,2828.41
174,378.1,3904
175,1504.58,23020.7
176,1185.08,19771.56
177,-198.52,2700.44
178,1032.13,16760.38
179,1027.75,12143.1
180,158555.12,1667294.51
181,3775.81,90487.53
182,152.16,1292.25
183,3506.82,31226.17
184,2072.18,57019.79
185,4299.39,108549.42
186,296.26,1419.75
187,685.32,5608.54
188,3824.79,54552.39
189,7.43,6473.48
190,2396.06,13115.8
191,9667.78,69826.04
192,120.88,5592.57
193,3335.34,16583.03
194,1942.29,20710.68
195,828.1,8689.61
196,80043.53,1233919.34
197,411.07,16721.54
198,1463.53,23208.77
199,1768.95,20182.08
200,10441.42,259987.5
201,21698.92,112717.72
202,3322.6,78225.99
203,25.39,1653.07
204,1856.84,50169.85
205,152.89,121672.02
206,861.93,14205.89
207,284.39,7707.47
208,370.76,12489.99
209,7706.95,138045.03
210,8127.21,123904.71
211,158.05,2612.56
212,867.28,71268.91
213,234.63,3975.06
214,566.38,4750.08
215,418.2,28346.86
216,120.66,2546.97
217,989.83,6738.06
218,758.61,7357.2
219,-8911.86,45240.29
220,608.15,10568.5
221,-288197.89,1904831.28
222,24628.4,1445836.78
223,1344.52,15507.4
224,1497.28,34496.8
225,31715.83,293472.04
226,79.94,1735.46
227,5.46,3516.28
228,210.15,7920.31
229,273.04,3482.74
230,-793950,2668528.55
231,3600.81,112415.37
232,999.7,21111.49
233,166710.33,1727590.24
234,84.21,5749.84
235,698.36,21975.33
236,846.53,7646
237,134.93,5448.23
238,598.72,7341.73
239,7047.63,158344.64
240,91.25,1162.99
241,-3466.6,22238.04
242,129.03,1820.04
243,3593.87,75393.29
244,-17.41,2948.17
245,11.99,5617.32
246,282.37,7044.17
247,1625.18,22764.65
248,4605.31,50009.72
249,-863.15,10033.04
250,250.42,6543.25
251,1767.33,37640.28
252,267.02,10713.53
253,4595.18,22368.12
254,157068.38,1436943
255,2732.26,37158.92
256,460763.22,1667366.52
257,1927.63,24700.04
258,5497.05,1474584.21
259,685.89,10085.69
260,-19890.86,92344.34
261,1629.47,16157.13
262,10147.62,125606.15
263,233.88,1896.2
264,106.43,18346.72
265,449.64,5274.62
266,400.08,7465.75
267,132.9,6044.13
268,855.62,9076.36
269,65.95,2321.1
270,21633.29,235676.81
271,24.38,1373.48
272,9004.31,242226.83
273,853.14,8393.53
274,2487.14,18010.15
275,-120.25,36128.52
276,55.63,932.54
277,1139.28,15977.77
278,295.66,8022.61
279,14031.34,473663.72
280,15448.94,58845
281,7960.07,51793.79
282,1619.31,48166.16
283,2851.28,15374.58
284,1411.8,69104.57
285,3765.09,29367.04
286,7930.64,188981.28
287,698.38,13746.68
288,2118.33,18895.12
289,6484.02,159783.34
290,6313.92,67293.15
291,-557.86,12227.95
292,838.64,11715.7
293,2942.73,38903.18
294,63741.97,736161.46
295,2755.9,21907.85
296,16235.88,812505.59
297,-71870.07,340534.54
298,1295.24,13079.74
299,2922,30423.23
300,20360.76,273751.7
301,88.7,1856.75
302,643.6,8099.46
303,53.48,1795.55
304,147.4,4395.43
305,3876.33,98951.99
306,-670.29,13707.14
307,3300.06,37202.19
308,-1615.24,36238.7
309,2384.11,11058.74
310,2077.34,24880.22
311,8567.84,65065.88
312,1798.33,27749.42
313,2282.69,117861.82
314,3484.93,42960.33
315,8669.82,77256.55
316,3888.93,32809.84
317,837.82,12585.18
318,-1291.38,88300.16
319,977.01,9526.02
320,378.97,23794.4
321,297.89,5862.41
322,35658.05,386529.92
323,26489.64,327445.31
324,141.85,2016.71
325,214.4,24691.09
326,794.69,10536.55
327,140.57,255412.64
328,674.3,17960.22
329,774.66,10440.12
330,732.86,8732.94
331,188.81,3831.33
332,1535.41,32094.35
333,1298.12,825975.36
334,63126.2,455430.67
335,-3885.04,11168.1
336,5475.32,59205.66
337,39420.05,127604.53
338,3775.74,125578.78
339,96.28,2317.96
340,140.29,5316
341,1742.14,12534.76
342,920.96,40007.66
343,-32497.95,4335391.61
344,65919.66,1255110.22
345,42393.6,350645.87
346,45737.38,3633881.17
347,45158.41,493448.78
348,5722.07,114198.91
349,-286.51,41226.43
350,4729.36,67831.3
351,2636.51,40040.46
352,171.94,2005.77
353,-3404.22,16403.94
354,416.91,6025.55
355,115.88,11386.29
356,14.81,2276.68
357,-7425.69,215915.97
358,-2375.09,10574.39
359,920.82,6944.33
360,3194.51,32788.49
361,2124.94,30070.97
362,3290.04,38091.4
363,2878.48,12861.21
364,25401.61,102218.73
365,66651.58,246412.12
366,401.43,7319.16
367,46.56,4244.63
368,24565.16,717237.45
369,-1866.35,7613.28
370,715.16,14118.04
371,2198.9,48222.54
372,1485.58,19511.5
373,-387.73,6912.39
374,-540.68,28049.93
375,2979.26,59832
376,-918.38,10970.81
377,-489.26,1675.58
378,-355031.64,1166929.24
379,-35002.71,356534.76
380,4650.71,78276.57
381,667.61,5905.62
382,3468.81,26050.07
383,3582.12,31789.52
384,138.62,8687.75
385,815.41,8784.67
386,89.84,1174.09
387,2861.65,31757.36
388,3406.6,110564.78
389,-21648.77,354471.17
390,704.29,14129.51
391,5860.06,86633.16
392,-60.07,18424.08
393,2436.56,48931.5
394,93.18,1013.06
395,9132.39,320739.2
396,121.4,3935.03
397,130.16,3095.65
398,7051.83,120362.89
399,-1117.62,12907
400,1068.11,16336.29
401,-830.68,8975.68
402,553.23,11738.13
403,15427.25,101888.17
404,1055,26464.16
405,628.81,4266.58
406,71.12,1907.46
407,-235.54,16733.03
408,6189.2,35343.52
409,1256.83,13817.98
410,-635.93,2709.05
411,550.26,44400.65
412,57.39,7158.89
413,1162.69,17481.85
414,535.11,12500.92
415,13398.67,185975.81
416,349.76,2857.59
417,56037.94,403105.17
418,5716.08,90869.91
419,-374.76,4277.33
420,943.24,10212.54
421,3684.12,111124.22
422,158.02,45645.67
423,73.29,1199.42
424,5351.34,509356.78
425,164.59,2827.04
426,2076.9,38687.81
427,428,9312.57
428,496.25,6248.01
429,252.34,4550.77
430,246.36,3899.2
431,841.44,15671.85
432,5536.63,52952.34
433,388.21,6978.84
434,951.69,11122.28
435,5120.05,45915.35
436,2355.72,31243.56
437,29533.87,284605.62
438,2583.51,38345.77
439,2732.94,64860.15
440,1984.98,14370.92
441,14102.7,327349.84
442,3485.63,27087.58
443,610.49,29265.52
444,-1882.78,21269.89
445,419.08,28108.08
446,254.61,6964.84
447,1103.83,17585.58
448,2794.63,32678.87
449,47495.69,843142.26
450,401.86,4422.15
451,-9914.75,37568.06
452,619,5671.19
453,269.65,1431.29
454,1.76,12081.26
455,336.18,3915.83
456,-5678.06,18060.6
457,646.44,7152.68
458,-9600.27,175538.1
459,21917.48,265969.95
460,108.91,2520.64
461,2517.31,67035.07
462,307.25,6381.35
463,32548.75,2289196.25
464,174257.47,2516457.15
465,159.45,5540.35
466,277.8,18359.79
467,175.05,4046.02
468,4021.91,25619.44
469,-1342.85,35668.27
470,-19594.62,105664.1
471,724.87,13036.16
472,5352.44,30229.08
473,2602.14,46805.7
474,104.34,5032.09
475,-196.59,19642.57
476,1754.36,25732.04
477,-1051.8,10068.63
478,65270.43,3250899
479,528.45,48987.99
480,-5346.02,20610.59
481,16992.2,572053.77
482,365.42,2599.19
483,14845.73,93630.58
484,160.97,13502.61
485,64.43,9877.58
486,-37084.34,580691.19
487,114.89,21020.51
488,5135.04,142424
489,-2553.15,10828.71
490,126.77,21547.53
491,-495,8695.89
492,2307.02,43956.52
493,542.04,10127.12
494,1438.04,33778.54
495,1447.86,28074.47
496,1326.85,9821.64
497,4957.87,57013
498,1841.84,35685.18
499,9627.03,102920.26
500,6920.51,87863.84
501,-2392.82,58621.64
502,910.04,9514.04
503,143.45,4971.88
504,62139.64,496232.27
505,-127.64,6171.64
506,608.89,23206.13
507,1028.13,21282.79
508,-483.56,1717.76
509,-2668.77,71573.19
510,34.49,14651.59
511,1031.66,7840.63
512,1250.83,29347.05
513,168.36,9723.47
514,51.44,11164.49
515,161.53,3692.14
516,17.72,3889.02
517,1947.32,30165.61
518,43568.8,465097.03
519,272.8,3927.86
520,12457.93,257406.45
521,123.42,3560.76
522,-78.05,1388.72
523,161.69,1824.93
524,290,5749.39
525,2790.12,48764.49
526,4847.27,61988.87
527,1270.22,7484.7
528,1366.45,28700.04
529,1797.28,59040.01
530,1269.39,13636.19
531,705.44,5437.12
532,107.06,7656.1
533,48.03,11109.07
534,-19862.97,55286.88
535,18.21,517.25
536,-1246.67,4513.27
537,-1303.24,22229.37
538,-1922.41,10043.61
539,503.23,24274.53
540,27560.14,291795.91
541,1428.82,12899.41
542,-2927.03,83621.58
543,5345.69,70755.1
544,327.71,9074.72
545,143.52,13099.48
546,97054.26,1037186.93
547,457.27,10868.7
548,5535.59,60207.33
549,27.08,2646.6
550,1821.01,21287.94
551,-2225.71,8546.06
552,342.97,5286.48
553,169.24,5567.55
554,8949.2,469907.57
555,364.57,2787.15
556,-373.25,5153.35
557,981.49,27491.21
558,-4975.6,24727.37
559,-56612.66,1455582.39
560,500.87,7881.05
561,344.85,10966.26
562,-717.57,11438.69
563,6775.66,40580.16
564,-27.49,4922.65
565,111.57,23308.35
566,129.98,2163.65
567,69.15,1228.76
568,397.41,4369.08
569,510.65,4620.13
570,13518.33,163442.48
571,926.03,14905.73
572,1029.09,6935.03
573,1271.45,41920.36
574,689.46,8957.01
575,4284.1,95855.05
576,1190.4,6600.18
577,193.12,2201.18
578,-333.45,1718.72
579,99078.72,1107599.55
580,801.44,13257.4
581,551.77,7966.84
582,1969.52,27540.73
583,7458.37,49990.22
584,3045.96,66811.81
585,273.98,6174.92
586,138.56,869.78
587,-303.39,5254.35
588,3922.75,48279.27
589,25476.97,282207.79
590,430.49,14994.75
591,400.01,6842.66
592,1983.93,4808.99
593,-3061.63,22542.38
594,120.99,2393.16
595,3427.78,31059.09
596,34684.09,659064.46
597,6916.21,66032.3
598,1100.09,11331.65
599,580.68,16615.76
600,170.79,4863.79
601,115.56,2159.74
602,1874.58,29605.1
603,894.83,72404.02
604,61.56,3207.66
605,46.56,5367.79
606,338.93,10688.99
607,292.84,6247.21
608,1297.73,21245.26
609,1671.95,13501.11
610,-66557.17,1067334.85
611,2848.15,30419.87
612,23538.04,298122.02
613,268.22,14190.71
614,-37284.31,96461.57
615,600.84,7514.39
616,-936.77,3871.46
617,745.03,3702.93
618,400.94,11797.72
619,1663.68,20563.36
620,4739.31,146808.81
621,34042.45,270556.19
622,52381.37,618065.94
623,56179.21,252518.17
624,-8318.4,45851.92
625,674.46,7095.18
626,1840.2,9116.5
627,-4357.9,28774.76
628,2816.43,12353.8
629,6427.98,542764.13
630,1306.14,19102.18
631,349.56,4160.67
632,396.15,8867.13
633,1028.08,17632.01
634,57515.82,732497.66
635,4.59,2275.92
636,3537.95,99434.26
637,3341.35,30445.57
638,43.51,1042.41
639,323.53,19712.13
640,23937.28,330099.83
641,12779.48,120199.78
642,134687.73,1759690.89
643,118.4,3159.29
644,1050.57,9643.6
645,715.24,10031.23
646,-4333.97,20255.27
647,1448.61,21796.83
648,16876.06,247124.37
649,428.89,5101.83
650,78.55,626.66
651,14406.13,151567.93
652,646.86,9631.52
653,31194.95,362130.84
654,-87.12,756.75
655,247.66,7774.33
656,-562.17,7846.73
657,2124.56,12159.46
658,173.21,2163.41
659,299.02,17258.49
660,94.81,1424.93
661,7954.65,55478.62
662,61.08,4375.47
663,3944.99,73665.18
664,-178.71,28461.3
665,1020.35,28056.18
666,1975.49,8637.34
667,487.86,10355.98
668,115.48,1515.68
669,227.78,3029.69
670,209.56,6740.83
671,5796.77,135540.58
672,366.23,8933.99
673,-280.2,2882.06
674,1344.37,10164.84
675,303.94,2674.97
676,1656.6,27413.14
677,4781.88,16736.61
678,-33111.79,204735.74
679,-980.02,49861.08
680,405.5,12954.67
681,6000.69,32265.21
682,163.82,3816.21
683,15.39,1382.8
684,-1012.13,8491.53
685,1385.14,17200.79
686,210.13,5358.24
687,10989.19,97017.59
688,1142.02,19417.92
689,1547.61,28777.76
690,-174.84,7369.45
691,62.63,2478.16
692,2248.78,28736.92
693,479.29,4615.08
694,16808.98,320168.9
695,462.95,6844.95
696,1467.95,14060.66
697,1924.72,29257.65
698,863.95,12080.26
699,518.71,4473.23
700,526.8,6287.81
701,4030.02,32558.13
702,176.26,8898.16
703,485.65,9623.52
704,349.71,39512.88
705,826.4,23353.65
706,-703.65,15361.94
707,746.16,7516.57
708,287244.26,2205100.33
709,24055.44,895870.21
710,10014.53,175960.68
711,163.66,4022.33
712,15266.96,286521.85
713,381.45,21284.77
714,2018.54,21975.47
715,3189.61,26619.17
716,2778.82,27439.09
717,106.27,4017.08
718,1094.02,8242.06
719,215.65,4501.79
720,-68.28,6034.07
721,20572.88,255241.9
722,4.23,1524.25
723,995.49,16094.33
724,4596.58,72908.47
725,3064.36,132964.99
726,8016.08,150549.85
727,155.66,2118.64
728,1316.4,34885.67
729,9726.1,244555.18
730,1013.74,32678.4
731,419.53,26450.95
732,11185.6,237772.41
733,19696.74,214765.63
734,795.97,10825
735,22381.43,232432.83
736,228.94,21234.4
737,-5896.76,446165.9
738,634.07,21993.74
739,343117.03,4170963.41
740,51.3,970.09
741,-436.2,24005.58
742,2904.33,37064.33
743,363.56,9854.3
744,1627.63,23348.71
745,-543.9,9059.47
746,2143.68,45489.6
747,237.23,11095.1
748,2180.35,13837.98
749,16.29,3493.14
750,3559.08,40852.09
751,4956.05,74431.95
752,1840.77,34198.95
753,984.01,9688.34
754,115.37,1151.29
755,509.19,12126.15
756,30.64,4423.88
757,6554.76,75593.4
758,19458.44,217480.35
759,3339.58,99350.75
760,-1904.19,68768.2
761,-32.84,3601.64
762,28642.07,240082.28
763,441113.59,6587557.77
764,646,7305.12
765,482.18,22387.4
766,7222.05,128047.01
767,975.4,37802.85
768,45.68,982.1
769,-935.17,15780.12
770,133.54,5750.77
771,875.31,4103.62
772,67.84,2131.86
773,268.55,4200.48
774,566827.57,5513237.69
775,269.85,8262.49
776,-1562.13,27026.98
777,2100.83,22859.82
778,83.91,1606.94
779,75.33,7628.99
780,1299.4,23595.97
781,-333.65,3660.82
782,1472.4,69386.73
783,4372.87,45498.52
784,1960.05,11338.58
785,952.41,11657.38
786,1337.88,18298.71
787,874.36,21388.57
788,1247.35,13558.61
789,273.42,3940.81
790,5275.74,40793.64
791,498.29,20187.21
792,-188.23,5356.7
793,477.54,7224.28
794,106.13,1866.28
795,1026.76,4046.74
796,383.01,5127.52
797,-7164.65,212525.56
798,386.54,57597.45
799,586.02,11533.36
800,462.93,4141.85
801,933.61,9658.08
802,2169.76,44998.19
803,1079.21,5731.02
804,-353.44,14093.79
805,869.95,31074.88
806,45.82,1134.09
807,26921.29,419530.42
808,5067.79,153220.33
809,13843.75,213502.46
810,1152.57,17580.55
811,751,13491.72
812,84315.63,456419.5
813,33655.1,809487.52
814,944739.8,2144550.45
815,5729.04,166786.73
816,-637343.46,2435207.57
817,56935.68,862855.07
818,619.63,8076.46
819,3764.72,52499.53
820,6122.69,32798.55
821,44.89,1331.38
822,370.83,22110.92
823,166.26,2382.43
824,1112.83,14735.37
825,722.5,16572.96
826,454.99,7435.77
827,-541.98,5893.07
828,867.87,13417.81
829,5542.33,26834.89
830,-341.3,13995.15
831,1789.49,26207.43
832,73.51,4022.53
833,9595.83,183041.99
834,38.36,3341.72
835,-2231.69,33833.47
836,4646.81,70631.94
837,6188.11,320906.65
838,6212.33,30438.33
839,117.35,7839.6
840,736.45,9164.03
841,3261.98,24213.37
842,17466.67,257569.94
843,1097.51,35058.97
844,132.02,1412.35
845,124.01,2587.25
846,-280621.01,2597848.11
847,2991.56,25686.92
848,4359.79,20401.29
849,748.09,11046.97
850,348.21,7892.16
851,12.3,2295.91
852,32588.88,739432.88
853,7908.47,77960.59
854,69.72,518.81
855,436.82,6503.73
856,-1191.41,3663.02
857,2445.34,104699.01
858,620.99,7327.81
859,502.2,9112.81
860,1228.6,23717.39
861,247.25,3905.78
862,19560.92,216909.42
863,-1113.51,91211.11
864,119.34,2882.04
865,815.65,12305.98
866,1802.15,76665.56
867,20093.42,120565.63
868,490.66,4538.11
869,1010.09,9775.64
870,28097.42,550436.41
871,-1195.04,82622.63
872,-94.8,7648.83
873,223.02,18187.77
874,1333.03,11332.79
875,13669.81,156304.07
876,279.3,10650.96
877,-1068,3443.3
878,-2162.61,44834.55
879,2564.97,71487.97
880,99.93,2078.4
881,125.64,7660.4
882,14907.07,102282.41
883,316.27,13814.51
884,634.68,18086.59
885,113.58,1083.78
886,858.74,8751.45
887,693.46,7656.81
888,384.13,3441.5
889,142.23,5994.75
890,280.16,26979.05
891,59.42,2080.15
892,189.18,5535.95
893,776.72,10038
894,290.44,6038.32
895,264.11,3772.79
896,-563.15,6224.4
897,631.7,7025.62
898,208.32,3952.08
899,2500.43,121782.45
900,32454.54,373411.86
901,1872.99,11851.98
902,981.35,16017.93
903,1358.79,47469.27
904,4025.06,91439.18
905,845.62,37843.5
906,-10327,131370.4
907,743.82,9972.68
908,71.41,121400.84
909,1468.3,7243.35
910,3363.34,38170.16
911,290.36,2693.35
912,3434.91,240747.08
913,1530.42,23642.13
914,109.44,2381.57
915,51549.63,739895.59
916,20862.46,236369.09
917,-1908.75,9496.36
918,8364.39,167611.59
919,1068.67,77249.13
920,360.41,6128.82
921,1169.78,6265.47
922,39486.65,140648.43
923,318.39,5831.81
924,56146.7,1269822.34
925,9851.97,157668.15
926,415.88,4129.56
927,392.66,5462.29
928,29.97,1903.7
929,1232.31,16826.98
930,-8960.82,48988.74
931,22634.4,306966.66
932,1,1414.66
933,-194.07,929.36
934,1057.48,8215.39
935,19679.25,184699.32
936,215.39,3141.77
937,1898.97,15339.1
938,224.79,2721.55
939,671.64,9789.64
940,85.97,5663.37
941,-11023.13,47714.54
942,306.15,5670.19
943,-2415.63,40456.02
944,33.53,1843.77
945,845.17,70055.81
946,217.76,1626.56
947,450.02,8200.85
948,218.5,3214.23
949,5391.68,25281.16
950,68.97,2447.67
951,7237.63,47878.61
952,1838.9,29546.16
953,-672576.1,3006727.92
954,91.51,2844.49
955,466.28,5543.62
956,11354.6,59161.95
957,328.02,14308.69
958,880.56,8154.44
959,30711.04,538484.26
960,301.22,14059.04
961,-587.59,13501.89
962,330.57,2933.52
963,224.53,11030.67
964,877.44,24117.23
965,5701.86,69174.15
966,769.39,5446.07
967,730.31,22214.46
968,698.08,3334.63
969,-5243.26,14162.79
970,291.48,8300.98
971,89941.06,1093139.66
972,28070.59,216965.65
973,712.42,15950.56
974,4558.3,90748.91
975,569.46,10840.36
976,-248.15,10674.74
977,1144.88,15093.15
978,1173.14,16021.86
979,-6069.25,20434.98
980,1291.45,55354.08
981,1487.68,14052.01
982,2.36,4999.92
983,-1000.37,16382.82
984,7119.06,58092.65
985,356.8,6973.57
986,65784.23,537025.08
987,372.78,8615.45
988,25242.36,476978.98
989,298.95,5344.61
990,88.92,3183.89
991,267.72,14848.16
992,40086.35,331582.79
993,231.86,4041.51
994,-1526.11,36567.58
995,134.83,1781.35
996,-2589.48,46315.99
997,-1438.92,90182.72
998,-908.62,13870.98
999,5296.06,60311.86
1000,-152.37,5533.87
1001,99.83,4030.74
1002,5921.94,745347.99
1003,3303.46,391146.23
1004,1474.11,12246.51
1005,519.72,23165.68
1006,2538.13,39728.2
1007,1826.7,22511.59
1008,26611.33,623596.8
1009,1428.25,36287.43
1010,3262.85,35049.29
1011,45658.85,990899.99
1012,412.19,6911.46
1013,26179.67,204782.31
1014,1666.47,15933.64
1015,47340.22,423489.33
1016,1974.4,12333.27
1017,540.73,5441.16
1018,-346.12,3374.02
1019,186.9,6537.16
1020,507.95,5123.05
1021,31883.92,716854.04
1022,461,51108.53
1023,12560.33,252248.93
1024,999.22,21798.36
1025,4635.87,341751.45
1026,2358.66,18757.2
1027,592.67,10969.28
1028,61.25,1336.3
1029,1551.01,24302.13
1030,831.71,12161.15
1031,27122.92,823176.44
1032,43.79,802.32
1033,346.92,3347.05
1034,497.98,43394.45
1035,676.17,15558.47
1036,1628.01,10106.19
1037,2241.06,18847.39
1038,-10417.5,70167.91
1039,41.94,416.97
1040,126.28,2931.93
1041,-6525.76,67059.75
1042,1067.93,10039.44
1043,134.16,3155.11
1044,3278.76,87297.21
1045,831.05,14876.26
1046,651.53,5733.53
1047,43.75,6930.51
1048,249.68,1739.82
1049,1041.33,14380.46
1050,557.84,1787.71
1051,525.24,15510.25
1052,1985.52,44792.03
1053,135293.35,909376.94
1054,219.96,3305.36
1055,131.59,2686.42
1056,1985.07,62623.23
1057,292.31,13466.32
1058,685.47,12630.53
1059,33.71,2541.93
1060,83.69,1083.37
1061,501.99,6953.48
1062,-9515.97,140611
1063,73.71,57293.31
1064,9890.15,78968.88
1065,963.5,12161.87
1066,3818.65,48941.84
1067,-1217.68,8771.08
1068,-1544.71,17801.09
1069,8015.14,59384.07
1070,623.41,6447.2
1071,146987.15,785064.63
1072,1380.32,11542.95
1073,758.68,4408.94
1074,266.94,2827.93
1075,295.76,16653.11
1076,1518.66,5871.74
1077,2076.84,36414.1
1078,3868.8,46747.14
1079,2578.57,9069.14
1080,54.51,1301.71
1081,1938.76,34013.65
1082,16341.08,202329.27
1083,92.54,3658.94
1084,784.61,7190.51
1085,620.66,6079.33
1086,2318.49,22957.36
1087,1870.16,42352.5
1088,2626.31,37503.05
1089,45958.28,441291.49
1090,700.69,9176.21
1091,480.21,7507.42
1092,66138.32,273567.06
1093,-4808.9,120531.25
1094,-551.61,31404.36
1095,1793.63,66898.27
1096,17.25,16528.41
1097,-1374.61,24168.82
1098,2343.51,37382.39
1099,155.26,3018.5
1100,173.28,3064.24
1101,216925.93,1770737.45
1102,26389.57,424564.09
1103,3970.95,62716.68
1104,201.81,3577.5
1105,1739.62,47500.55
1106,469.13,1850.77
1107,308.89,4845.94
1108,1299.63,25127.04
1109,152.79,5905.82
1110,400.52,12994.24
1111,13.48,395.25
1112,11993.16,136310.88
1113,23689.57,374242.43
1114,73599.44,581023.52
1115,-59.75,1131.31
1116,18.45,3185.05
1117,28319.76,431045.49
1118,32681.21,422759.19
1119,246.15,3167
1120,21378.1,309416.55
1121,1919.84,22107.13
1122,619.55,16313.81
1123,1212.56,10967.85
1124,127.59,2084.11
1125,-73.8,6011.37
1126,652.79,5159.05
1127,1388.76,53513.5
1128,270.95,3035.97
1129,61.75,4628.94
1130,124.58,6929.09
1131,6793.63,43196.16
1132,-970.42,29262.39
1133,542.65,18707.58
1134,3343.05,89168.73
1135,4962.67,44261.67
1136,34039.87,461329.42
1137,4639.59,128463.18
1138,71490.17,1168793.55
1139,289.06,8550.59
1140,2055.63,17258.18
1141,2538.99,17198.94
1142,505.22,14526.01
1143,310.08,17301.16
1144,-21162.1,62462.41
1145,686.63,4474.22
1146,-7100.85,18148.07
1147,443.65,7002.11
1148,1447.32,14937.78
1149,1877.31,23841.07
1150,292.18,5377.54
1151,2735.25,18327.19
1152,593.14,8098.54
1153,143626.33,2983969.96
1154,14622.91,231985.49
1155,207.57,4077.32
1156,-2066.23,18054.53
1157,466.85,3782.72
1158,547.48,9375.19
1159,680.26,19759.75
1160,1089.34,36695.36
1161,69465.31,1083186.66
1162,3234.84,33545.03
1163,151.81,2169
1164,141.5,1534.18
1165,6047.5,21100.6
1166,276.12,12508.47
1167,87.31,1715.38
1168,4063.06,150231.74
1169,-141.31,2710.09
1170,8964.2,141733.78
1171,76.8,1428.8
1172,233.17,4778.98
1173,4523.85,17472.07
1174,144.16,1960.43
1175,548.86,3874.13
1176,-1082.74,8122.96
1177,-6023.14,25723.15
1178,1513.56,24375.34
1179,2695.38,50133.94
1180,447.66,7646.53
1181,17974.73,71673.85
1182,25.62,3255.3
1183,353.82,12943.76
1184,-63173.39,950667.75
1185,1526.86,10507.72
1186,629.51,5816.71
1187,-16227.55,87300.2
1188,-329.57,5282.28
1189,421.79,6040.55
1190,19544.93,224916.06
1191,1879.58,31053.96
1192,-44536.55,1097980.01
1193,1055.15,61579.47
1194,-17884.97,677746.04
1195,705.01,14720.04
1196,1442.63,11701.77
1197,1070.27,28967.22
1198,2979.6,109151.07
1199,4503.85,19916.07
1200,5702.67,93161.97
1201,824.73,5095.03
1202,471.5,5237.39
1203,1695.51,1154942.78
1204,-5925.87,32275.85
1205,6098.45,181335.79
1206,1528.41,15304.79
1207,98.56,1992.59
1208,150.1,4322.97
1209,803.84,44335.93
1210,1617.22,25286.24
1211,830.26,38003.12
1212,1298.22,12267.62
1213,1029.64,25531.44
1214,-647,21980.74
1215,3608.13,45293.92
1216,12705.66,83986.27
1217,245.39,29670.09
1218,103.31,6965.54
1219,384.36,3860.23
1220,2469.95,43720.14
1221,17685.68,251529.98
1222,14311.09,191318.19
1223,506.85,173879.05
1224,650.35,17052.39
1225,160.91,2894.63
1226,-7162.56,29895.96
1227,121.9,2129.97
1228,81.78,2017.51
1229,148.07,7345.67
1230,105.4,1860.2
1231,1486.64,9190.01
1232,595.38,11499.15
1233,3923.11,81370.41
1234,6186.47,518905.13
1235,-1891.95,5561.15
1236,3531.7,66215.68
1237,31460.26,598091.61
1238,97.28,1474.26
1239,76.98,10408.51
1240,30769.74,865682.41
1241,100.74,11746.55
1242,128.04,2886.78
1243,2030.51,6776.05
1244,3413.78,91958.38
1245,32728.8,246245.85
1246,8325.52,69849.04
1247,111.08,3009.24
1248,16.84,4899.12
1249,1318.01,18161.62
1250,130.64,3130.17
1251,37.1,2909.73
1252,1587.06,73256.76
1253,49.07,5340.91
1254,265.12,2289.54
1255,-137.78,20040
1256,10636.44,155736.27
1257,622.99,3646.01
1258,5207.96,18365.8
1259,266.36,3027.74
1260,364.01,9591.76
1261,1669.13,26596.36
1262,202.24,10832.01
1263,217.2,5753.68
1264,252.33,6707.66
1265,880.85,14713.13
1266,161.93,2975.67
1267,-312.43,30031.11
1268,507.76,16691.89
1269,261.77,4717.78
1270,110185.65,1768940.49
1271,-1288.64,97894.12
1272,1614.21,18596.46
1273,33555.55,196194.05
1274,31336.42,347379.65
1275,265.54,1496.54
1276,83.71,1947.75
1277,-4196.6,156732.13
1278,2829.05,31333.76
1279,-566.8,4494.9
1280,8060.24,113218.03
1281,1356.16,18297.04
1282,-1015.09,82613.67
1283,-31163.59,97947.05
1284,118.6,1780.75
1285,340.09,33458.85
1286,-508.99,4443.21
1287,1118.24,6307.11
1288,9171.09,129813.8
1289,-61.24,1945.72
1290,-392.71,5003.98
1291,148537.61,2905752.25
1292,-3113.68,13671.02
1293,652.4,6818.7
1294,28143.72,627659.54
1295,1178.68,14417.13
1296,3979.23,21030.59
1297,676.08,6064.92
1298,5641.7,183942.7
1299,25472.61,178202
1300,1.95,2019.77
1301,82.83,3376.21
1302,27949.97,242897.57
1303,365.11,16961.17
1304,41340.03,408053.58
1305,105.72,2844.21
1306,275.96,9736.48
1307,709.63,4310.35
1308,-207.91,5518.48
1309,8602.53,65828.13
1310,-158.06,8943.31
1311,-37.75,1859.65
1312,470.03,8364.28
1313,16342.7,261576.36
1314,2343.39,23024.1
1315,874.27,12434.13
1316,-3868.57,20318.6
1317,-59392.02,494622.98
1318,4356.05,52795.1
1319,77.7,3305.62
1320,8870.92,97635.12
1321,-19.61,5691.98
1322,250.21,3911.58
1323,1204.43,4338.2
1324,661.7,5179.87
1325,-998.64,5253.04
1326,707.33,12615.09
1327,-516.86,2448.44
1328,1024.95,5871.5
1329,782.84,8829.51
1330,1515.14,82211.64
1331,275.22,5148.11
1332,331.15,16160
1333,669.74,9212.6
1334,-2921.43,13268.88
1335,1931.07,32023.53
1336,1994.06,9070.85
1337,307.18,9269.66
1338,6529.97,189538.13
1339,1256.33,19581.25
1340,426.94,1004.63
1341,93.13,3617.8
1342,-1394.39,19405.47
1343,4400.77,49736.36
1344,8222.6,123468.69
1345,221.65,3282.69
1346,110.77,1371.6
1347,7.24,7977.76
1348,18260.16,109901.83
1349,149107.84,803561.01
1350,3774.15,42890.65
1351,-1960.94,8403.83
1352,69088.97,602235.51
1353,7203.52,324331.62
1354,953.5,10478.13
1355,104363.44,722166.46
1356,22192.12,135009.25
1357,-1341.16,74488.59
1358,2296.47,67575.31
1359,1197.73,13124.24
1360,-128842.34,329087.14
1361,3168.41,67232.5
1362,649.49,8919.19
1363,1194.62,23812.35
1364,2198.68,33475.89
1365,6551.61,70768.87
1366,-1128.78,23995.85
1367,423.92,17011.57
1368,-96.91,7677.59
1369,2766.12,41207.95
1370,1111.37,12272.6
1371,2069.52,48291.82
1372,8520.37,117910.01
1373,1837.4,22819.37
1374,-190.36,3299.25
1375,59215.27,2083692
1376,8963.95,205224.87
1377,31228.32,84962.55
1378,1867.93,28419.86
1379,2716.24,42232.19
1380,34983.4,364768.18
1381,-61351.16,228377.47
1382,334.33,4501.38
1383,349.91,9174.22
1384,3917.73,33559.32
1385,966.01,31269.29
1386,10.4,1948.07
1387,2358.02,63551.26
1388,2278.74,30270.25
1389,456.12,24529.65
1390,6365.92,88240.31
1391,206.23,2998.84
1392,576.76,33764.77
1393,1511.2,13124.78
1394,5752.16,37437.85
1395,695.31,13226.97
1396,67.02,1074.63
1397,8423.16,255650.82
1398,-407.48,9742.36
1399,-846.37,9095.01
1400,2460.54,11664.84
1401,1732.85,26007.51
1402,-2603.9,7003.01
1403,5940.19,85746.74
1404,173.9,52771.76
1405,640.75,10695.75
1406,403.29,4457.12
1407,2118.39,65536.38
1408,881.92,11701.25
1409,-294.74,1775.55
1410,1607.53,87814.18
1411,746.5,6736.37
1412,327.48,11832.8
1413,2526.92,67673.18
1414,3118.36,14792.36
1415,968.6,5388.27
1416,-1195.16,22941.09
1417,64.42,2299.73
1418,2153.55,22294.19
1419,186.46,6331.54
1420,141.32,3547.49
1421,-146625.75,598460.8
1422,3786.99,92804.9
1423,415.01,4482.02
1424,214.94,7768.68
1425,160.24,3166.53
1426,3019.62,54745.27
1427,418.63,3965.27
1428,-31551.7,212713.46
1429,1210.59,31196.05
1430,49439.18,784014.8
1431,1233.84,82383.61
1432,1885.74,6000.59
1433,975.54,5824.78
1434,532.36,3350.39
1435,25.48,516
1436,-131.4,14876.26
1437,-716.75,7199.4
1438,3459.62,16201.06
1439,6193.72,36392.76
1440,139.41,2871.11
1441,343.72,2673.36
1442,59.24,6556.65
1443,9114.09,155133.46
1444,1865.74,79777.84
1445,184.29,12425.1
1446,179.83,1378.25
1447,2877.96,25290.02
1448,102.12,1383.71
1449,579.52,9464.19
1450,131.92,3334.63
1451,2151.67,49808.96
1452,1682.9,13502.85
1453,6038.52,104084.66
1454,242.49,5561.62
1455,-8819.54,145947.48
1456,-838.81,16700.24
1457,5433.59,34657.56
1458,3689.99,19048.07
1459,233.97,32189.83
1460,13640.17,239895.13
1461,699.78,6884.35
1462,21649.43,350669.44
1463,-202.62,3674.62
1464,539.33,8273.04
1465,3113.03,74819.45
1466,2103.69,24952.09
1467,844.34,7607.93
1468,149.31,3056.42
1469,446.41,4888.74
1470,2555.68,30441.19
1471,2497.17,173772.79
1472,138944.79,762387.63
1473,119.39,4325.59
1474,-361.19,8679.1
1475,106.1,5091.33
1476,807.01,14017.15
1477,3840.81,41849.4
1478,8145.69,74230.98
1479,106.05,1286.4
1480,-451.81,7758.47
1481,-402.24,28491.34
1482,38.67,6061.69
1483,1149.92,14980.3
1484,215.31,1193.75
1485,205.36,3556.98
1486,4796.18,45950.89
1487,68715.55,2307310.24
1488,62059.89,996339.36
1489,2322.26,54447.03
1490,2432.48,20222.43
1491,545.1,2795.61
1492,-1515.55,11380.95
1493,1373.21,27267.86
1494,465157.62,5975681.1
1495,272.47,10429.16
1496,7580.09,70841.77
1497,317.35,2888.96
1498,2715.94,78794.43
1499,6937.22,118492.19
1500,2939.13,51962.27
1501,40.21,4541.61
1502,761.4,5242
1503,4358.06,110181.47
1504,-2224.63,32436.18
1505,1550,24384.74
1506,1047.27,11431.73
1507,3411.84,34491.84
1508,40.16,14384.86
1509,37640.23,204841.95
1510,200.32,8808.21
1511,-32640.67,374907.35
1512,465.73,3971.21
1513,-999.48,13040.42
1514,-10605.11,123652.8
1515,1328.2,14849.51
1516,-831.16,9400.24
1517,319.34,16902.54
1518,835.19,15713.5
1519,-942.24,11810.42
1520,777.74,20039.17
1521,20250.62,237647.69
1522,2459.12,12444.49
1523,93.76,1114.23
1524,1192.36,14079.71
1525,-941.13,26176.4
1526,-826.69,2689.48
1527,703.6,7073.98
1528,258410.05,1989564.73
1529,1381.94,15327.99
1530,671.59,12677.23
1531,1703.14,23863.72
1532,244535.23,2359001.93
1533,1059.13,9236.02
1534,-489.73,6483.38
1535,488.69,4245.94
1536,74476.57,1049836.09
1537,1224.87,130966.4
1538,438.09,13273.02
1539,1749.38,33473.55
1540,2302.82,93854.74
1541,1.41,610.31
1542,82.25,2284.19
1543,15947.72,361632.2
1544,251.17,4981.35
1545,501.09,9003.71
1546,1343.81,132365.34
1547,567.16,6919.61
1548,90504.51,376771.81
1549,5577.36,71047.03
1550,351.31,2310.58
1551,359.74,7088.7
1552,625.29,8239.23
1553,95.03,2992.57
1554,3127.11,36406.51
1555,4095.84,57559.18
1556,222.52,4398.25
1557,414.42,5373.35
1558,1604.51,101233.16
1559,6524.5,62831.96
1560,-532.35,2265.55
1561,9533.54,94701.54
1562,3903.34,67268.84
1563,596.28,19244.25
1564,7581.04,118880.18
1565,6477.22,137682.09
1566,856.72,3625.84
1567,54.64,12018.79
1568,21463.4,397707.47
1569,40003.22,738581.79
1570,2996.22,22769.89
1571,186.56,4708.33
1572,111.09,2587.21
1573,35392.65,1701985.91
1574,-134.32,2242.54
1575,938.5,22823.89
1576,138.34,3239.6
1577,6.92,3485.06
1578,757.66,14465.46
1579,65791.65,547889.18
1580,427.22,6598.56
1581,439.57,18935.52
1582,10144.5,148631.39
1583,490.18,9676.03
1584,2782.18,106919.98
1585,358.78,2945.1
1586,141.8,2446.64
1587,6850.91,25358.87
1588,5247.65,96910.98
1589,5.01,1979.12
1590,753.88,10849.88
1591,-18870.26,75072.7
1592,35692.51,128817.37
1593,-4445.56,50036.61
1594,1110.71,9874.75
1595,2632.46,14498.5
1596,6155.14,231657.46
1597,825.04,15721.71
1598,909.42,25743.47
1599,2214.68,142071.78
1600,2402.04,19492.61
1601,-579.43,7211.24
1602,84.53,3980.44
1603,419.23,5992.18
1604,571.09,18726.79
1605,19300.23,554066.49
1606,381.72,9801.94
1607,4520.67,33345.25
1608,-3225.25,41344.88
1609,555.41,9978.09
1610,214.05,3300.52
1611,4142.53,36430.55
1612,1974.53,29272.7
1613,1323.2,30382.78
1614,1297.06,16903.83
1615,-1449.67,18059.01
1616,375.13,4874.51
1617,140535.25,1731091.97
1618,56236.37,349890.29
1619,503.22,2465.07
1620,414.14,6378.86
1621,404,10198.64
1622,3631.72,68030.54
1623,1188.04,13173.03
1624,56.81,17142.68
1625,1970.52,14807.2
1626,166.44,48604.03
1627,292.82,4339.79
1628,4628.02,76796.24
1629,26013.52,266661.99
1630,-143.5,3511.27
1631,-331.11,16903.43
1632,1117.46,16964.41
1633,551.58,3594.35
1634,-107.72,2635.52
1635,195.86,3127.47
1636,-1158.42,33707.68
1637,3850.39,33764.08
1638,851.87,10723.66
1639,110.22,1995.89
1640,-19724.75,62766.95
1641,866.7,16518.44
1642,15112.38,348689.69
1643,-33.49,8597.18
1644,44607.38,316813.23
1645,4765.77,85892.98
1646,311.9,5718.83
1647,2466.55,16717.26
1648,0.79,811.77
1649,33.36,6131.95
1650,293.79,7247.56
1651,-1435.28,4981.29
1652,-49.21,6009.29
1653,19729.97,870694.78
1654,1055.12,9808.22
1655,451.54,3769.36
1656,1943.11,35456.38
1657,11765.39,38968.76
1658,896.31,8812.14
1659,-84.13,101522.17
1660,340.71,3884.99
1661,4758.59,61706.99
1662,21024.97,442516.12
1663,259.35,8751.33
1664,1912.94,142470.73
1665,66270.18,684684.1
1666,1640.85,41125.19
1667,894.31,12600.36
1668,722.95,3893.66
1669,567.8,12576.2
1670,5183.62,35224.29
1671,-10648.64,44569.94
1672,2813.02,39507.07
1673,2731.78,25471.13
1674,5594.52,179958.23
1675,-1517.4,10671.43
1676,6692.38,72991.26
1677,11.12,829.03
1678,384.88,11679.79
1679,-15.28,1392.52
1680,25648.75,500349.71
1681,-52.82,3590.37
1682,118.45,2716.47
1683,5811.01,64258.21
1684,268.8,4389.97
1685,-102.13,674.87
1686,40183.54,246901.78
1687,1458.65,29179.68
1688,579.05,6922.72
1689,610.08,5498.18
1690,2645.62,127622.35
1691,1070.65,113357.62
1692,12516.21,262792.04
1693,-6238.56,35983.52
1694,81.6,2650.13
1695,9836.56,68927.98
1696,60,1056.01
1697,383.65,11887.82
1698,7.31,12647.09
1699,588.99,10681.43
1700,59.05,2733.84
1701,-3420.54,11590.69
1702,-333.26,10842.88
1703,266.85,3216.71
1704,216.75,1334.13
1705,509.3,12171.08
1706,-2908.8,44343.9
1707,1667.39,38878.82
1708,253.56,8784.6
1709,52572.93,615046.69
1710,46,17983.82
1711,261.19,4245.81
1712,467.1,16874.79
1713,1990.79,17016.37
1714,619.17,7734.69
1715,3737.94,63206.93
1716,-630.47,16666.46
1717,519.95,6635.71
1718,151.63,4564.27
1719,12060.36,277692.64
1720,181.63,1530.81
1721,34.35,2186.63
1722,8051.78,174188.77
1723,-15479.85,47238.48
1724,929.45,7089.3
1725,344381.6,2316591.39
1726,67.54,1779.96
1727,9471.77,129537.97
1728,1529.15,20662.85
1729,-1345.2,4792.4
1730,558.87,18381.16
1731,14543.21,174494.87
1732,29.43,805.13
1733,235.8,4843.5
1734,547.76,6314.62
1735,24686.08,244094.42
1736,15350.12,221415.61
1737,-313777.27,2118941.15
1738,18427.68,272524.95
1739,729.67,41474.5
1740,1579.31,16700.17
1741,471.59,8961.58
1742,-252.32,20029.83
1743,983.16,20796.75
1744,2050.31,143802.08
1745,9342.95,87818.07
1746,118.09,7592.98
1747,-150.89,2155.41
1748,28.39,4930.66
1749,579.19,4690.27
1750,-37724.74,170244.94
1751,593.13,3189.66
1752,445.23,3195.81
1753,1247.08,10914.87
1754,339.58,7316.02
1755,42326.05,511749.01
1756,5519.85,43487.84
1757,181.32,3268.6
1758,158.3,2936.81
1759,32654.71,277267.8
1760,495.77,11774.55
1761,9657.31,126238.72
1762,-222.6,7543.8
1763,32207.38,2372685.47
1764,342.66,7493
1765,317.29,4487.95
1766,121712.69,5973434.6
1767,-214931.49,2904814.48
1768,428.71,2494.92
1769,43791.46,525305.51
1770,1025.06,56623.82
1771,139.19,5107.11
1772,1301.48,18444.96
1773,221109.83,1061425.83
1774,983.81,31782.43
1775,639.73,6301.47
1776,889.62,28175.47
1777,14.11,3819.36
1778,2647.26,20075.87
1779,49053.51,526549.28
1780,25931.08,104172.05
1781,3192.25,48253.47
1782,7478.5,50879.49
1783,186.89,8087.96
1784,382.56,4850.18
1785,-55554.49,264545.18
1786,108.4,2290.73
1787,2808,46070.57
1788,1692.72,14683.71
1789,239.4,3009.74
1790,39125.37,526568.4
1791,130.07,3611.18
1792,711.06,5331.07
1793,685.35,18380.51
1794,2112.56,10917.23
1795,-6351.32,22342.36
1796,1230.94,9306.35
1797,1137.93,11024.51
1798,2723.03,24742.53
1799,479.87,8587.48
1800,-5076.23,18146.85
1801,1743.53,14204.85
1802,730.8,7035.02
1803,-2245.29,101446.7
1804,22694.13,349762.76
1805,280.72,3375.66
1806,-4010.94,18428.45
1807,-1114.93,4788.42
1808,502.36,26013.99
1809,860.11,3843.62
1810,265.72,4959.53
1811,2379.95,21017.63
1812,2495.85,21665.51
1813,547.28,9401.68
1814,-877.97,34082.23
1815,-111.13,4047.97
1816,-5803.47,54510.02
1817,324.88,6121.34
1818,1588.9,10222.57
1819,154.43,4051.91
1820,1333.27,26433.68
1821,849.77,21943.34
1822,24947.62,184039.72
1823,391.06,4150.99
1824,1652.66,23896
1825,-1070.13,14000.05
1826,2289.87,14594.28
1827,887.04,21261.68
1828,376.64,7525.18
1829,-3416.19,179811.57
1830,-177.12,5734.85
1831,8.02,6253.4
1832,301.89,4531.53
1833,297.22,4697.41
1834,540.84,13977.88
1835,91402.17,1246807.7
1836,-1759.85,73794.04
1837,888.91,15324.54
1838,-209.37,7579.68
1839,362.13,10872.31
1840,54.8,14536.53
1841,140.96,2780.54
1842,139.94,6967.58
1843,67632.9,579623.02
1844,1453.76,26156.51
1845,25743.52,122370.72
1846,134.84,1561.23
1847,8627.95,105019.57
1848,259.9,7313.16
1849,1696.95,76668.47
1850,-180720.3,993256.97
1851,712.17,18473.28
1852,6858.85,253301.35
1853,971.17,23543.48
1854,-2009.11,39807.43
1855,1350.49,8832.7
1856,114.11,17567.77
1857,5851.77,49325.03
1858,1064.97,25692
1859,83.76,3610.35
1860,563.48,3420.17
1861,-22969.99,694250.23
1862,961.02,31149.02
1863,13130.77,320799.25
1864,-1742.02,6643.11
1865,43.38,906.27
1866,-3754.84,27501.42
1867,4861.92,46323.25
1868,-25252.74,83015.8
1869,82.34,2255.52
1870,1728.09,19338.73
1871,216.53,12646.34
1872,941.07,7833.83
1873,819.98,4919.27
1874,956.68,17986.14
1875,1189.76,13995.02
1876,1533.19,8016.71
1877,135.94,11285.76
1878,6902.65,29301.05
1879,9242.17,46266.44
1880,99.93,2331.79
1881,679.69,21603.28
1882,3397.84,79943.27
1883,95.32,10739.92
1884,475.56,11284.87
1885,1477.17,45229.73
1886,811.72,8428.97
1887,230.63,4550.38
1888,4092.32,69058.01
1889,5974.59,58470.27
1890,13863.07,96339.56
1891,1224.85,1156265.11
1892,724.37,16047.16
1893,1484.87,20705.09
1894,1426.75,16587.91
1895,8542.97,189667.26
1896,4464.52,128407.27
1897,19.26,1949.35
1898,1509.98,20044.01
1899,-234.4,2614.75
1900,7113.92,56383.46
1901,2619.69,27523.39
1902,190.39,6542.46
1903,265.34,6483.09
1904,-506.74,6194.58
1905,383.7,8479.14
1906,402.1,10217.83
1907,-9460.42,72590.63
1908,131.64,1465.07
1909,146.02,957.58
1910,219.56,23203.93
1911,499.41,6589.38
1912,68,30294.66
1913,268.02,3093.7
1914,1255.64,23277.56
1915,-73.16,2177.73
1916,53.42,2920.85
1917,-330.88,1401.21
1918,1095.81,56183.49
1919,-2868.59,22999.06
1920,333.28,2781.84
1921,-54.97,911.92
1922,270.73,3618.21
1923,15389.77,194287.67
1924,301.76,4705.66
1925,2121.83,22079.51
1926,-105.28,1140.73
1927,502.83,10982.78
1928,109.86,11936.59
1929,22807.79,500767.69
1930,334.04,10139.14
1931,28463.51,500342.76
1932,690.33,23280.5
1933,150.08,4579.87
1934,14658.02,116321.13
1935,-2959.34,17395.73
1936,4159.4,33730.15
1937,759.77,14185.67
1938,2002.33,18797.26
1939,4365.18,35637.78
1940,1065.46,13975.85
1941,5653.35,55261.54
1942,12744.66,135807.83
1943,1989.99,156497.44
1944,99502.96,806367.06
1945,1087.98,15185.71
1946,3948.84,33665.37
1947,578.87,24855.71
1948,1954.65,15345.89
1949,-2690,10572.53
1950,642.15,368646.14
1951,1781.92,22714.21
1952,60516.96,649955.83
1953,31598.95,209655.21
1954,61392.61,455423.11
1955,777.55,7860.34
1956,8192.05,100448.55
1957,-976.94,18956.44
1958,3585.89,31134.38
1959,2832.73,11677.94
1960,-308.3,4010.39
1961,-1899.48,34699.93
1962,34.56,1357.11
1963,44038.52,491985.6
1964,24.57,1170.61
1965,-714.06,38633.94
1966,61690.97,846749.71
1967,896.53,6772.49
1968,140504.36,535641.83
1969,261.49,3745.27
1970,21228.34,240703.8
1971,2111.89,53082.46
1972,61.45,1084.21
1973,517.39,8935.73
1974,-390.16,39214.94
1975,394.52,2187.49
1976,710.01,7192.27
1977,-1758.6,21451.07
1978,172.75,3377.37
1979,17604.21,420156.78
1980,2755.26,37346.31
1981,186.18,5116.14
1982,-156.99,16601.99
1983,1627.4,9261.9
1984,-573.4,2007.46
1985,103.29,7606.38
1986,3239.97,28022.39
1987,1892.52,22845.66
1988,582.36,43349.04
1989,127.15,1812.42
1990,4417.84,98176.27
1991,37451.39,436808.01
1992,1912.65,19033.8
1993,1074.42,13517.3
1994,11093.18,31307.45
1995,863.48,10620.92
1996,1054.53,18716.38
1997,1239.53,14498.9
1998,136.56,4071.01
1999,-12014.8,128955.88
2000,1951.41,20368.97
2001,1554.8,40773.74
2002,16587.36,197174.67
2003,5047.96,234430.75
2004,-352.58,2364.11
2005,238.07,6979.56
2006,-6444.57,209326.59
2007,1112.48,20909.64
2008,521.32,12087.78
2009,-1106.78,6653.17
2010,76.08,692.94
2011,-276911.71,803959.61
2012,1332.23,26963.99
2013,677.88,10874.21
2014,7735.66,22700
2015,1438.08,27370.95
2016,2233.16,118357.43
2017,542.93,36364.68
2018,116.83,10491.06
2019,289.1,15047.05
2020,72965.87,265565.42
2021,255.9,7952.79
2022,968.52,9681.27
2023,617.22,3126.52
2024,2693.51,17297.29
2025,-3921.63,809430.18
2026,179.8,3652.74
2027,736.82,5509.73
2028,1167.91,9972.55
2029,1125.52,14107.93
2030,22.36,3202.62
2031,4441.57,74967.08
2032,107.23,1570.64
2033,4842.24,183913.38
2034,423.22,6914.69
2035,139172.83,1636937.98
2036,1189.22,11736.39
2037,19.15,808.94
2038,53.22,4682.33
2039,508.99,7573.19
2040,137.39,2849.69
2041,101.84,1248.29
2042,9988.63,334153.28
2043,-7329.88,251647.29
2044,791.17,5599.56
2045,8396.62,1021459.64
2046,-6.18,5977.44
2047,7977.5,60386.54
2048,971.13,18493.51
2049,6444.09,92374.33
2050,37.46,987.19
2051,11334.61,128204.07
2052,29.4,4650.07
2053,307.11,8792.17
2054,440.5,32777.57
2055,5927.27,51722.62
2056,9388.39,99648.93
2057,56.41,1318.39
2058,1918.62,30467.23
2059,69506.22,931463.42
2060,346.28,20864.87
2061,3540.82,29713.77
2062,721.36,18223.9
2063,1773.21,38105.36
2064,38.31,6127.43
2065,2056.74,72685.88
2066,79.81,5602.47
2067,75298.5,285212.67
2068,-138682.08,472903.56
2069,2952.09,33398.98
2070,1540.54,24231.06
2071,1004.6,17030.2
2072,720.86,6650.87
2073,187.31,4126.77
2074,-1665.31,17691.87
2075,-1249.07,5082.54
2076,273.31,3050.66
2077,28.22,2753.08
2078,2225.57,19817.11
2079,18253.14,192572
2080,-711.97,8179.32
2081,6032.47,76451.18
2082,-1259.65,19504.44
2083,171.9,14658.43
2084,1445.58,23272.11
2085,345.77,8347.66
2086,142.17,3583.16
2087,8790.18,149490.5
2088,1158.18,20343.77
2089,9856.9,48364.99
2090,260.58,4148.56
2091,-951.89,6607.66
2092,37.3,34936.07
2093,25560.18,248491.25
2094,101187.21,522107.55
2095,761.18,24327.06
2096,2269.92,102728.59
2097,-21423.64,914800.21
2098,401.14,6777.77
2099,-136.77,10650.25
2100,417.02,7373.18
2101,704.79,4724.39
2102,315.32,3892.68
2103,1697.42,14912.29
2104,177.92,5504.83
2105,2684.03,24823.63
2106,680.61,7026.13
2107,41127.04,505347.02
2108,8391.17,54155.5
2109,473.87,2179.28
2110,-280.21,8498.3
2111,45,2778.8
2112,-30312.91,280350.56
2113,576.9,2356.77
2114,5798.83,31599.7
2115,3901.18,22893.1
2116,2586.99,32780.57
2117,-2616.21,16434.11
2118,576.15,4908.36
2119,401.7,4271.62
2120,1184.19,11876.03
2121,17572.66,138640.5
2122,97.67,1504.25
2123,108.47,2339.83
2124,164.68,4355.96
2125,7.31,4460.59
2126,878.37,147570.46
2127,27900.77,120928.29
2128,1268.95,30402.83
2129,657.4,4342.24
2130,1502.44,22272.06
2131,57803.57,764963.89
2132,3248.99,48039.9
2133,1045.87,20128.77
2134,1511.23,70530.8
2135,3559.36,36843.11
2136,1482.74,35922.22
2137,159.63,2479.83
2138,1750.27,32662.48
2139,6153.81,56338.82
2140,1467.9,19165.71
2141,3521.89,74570.26
2142,2656.92,17383.23
2143,2627.68,39497.18
2144,-6204.99,50433.49
2145,40.41,1044.6
2146,11815.61,55986.21
2147,1192.64,20653.38
2148,17343.96,162586.18
2149,390.7,5551.24
2150,2704.39,20518.08
2151,3828.07,50368.57
2152,-83.24,3849.34
2153,838.97,6174.41
2154,-6704.76,50215.44
2155,1589.85,35216.39
2156,5299.26,27925.8
2157,-321325.8,1878714.9
2158,22.19,471.15
2159,375.51,5337.4
2160,-8849.84,767553.36
2161,116.71,703.91
2162,9132.2,49909.21
2163,549.17,9467.15
2164,-22680.32,211758.02
2165,1496.87,18953.2
2166,7797.46,77504.66
2167,321.54,3302.76
2168,10219.07,93599.81
2169,239.45,12867.14
2170,61.23,1442.6
2171,-188.73,25297.21
2172,10407.26,78742.62
2173,-7932.72,60826.43
2174,2446.36,17040.95
2175,1219.18,3755.04
2176,20226.08,507753.55
2177,577.55,8936.14
2178,3452.9,18806.3
2179,-327.1,29077.73
2180,-2490.91,64426.32
2181,931.27,19359.08
2182,1236.03,17376.44
2183,222.98,3951.13
2184,1122.29,25541.58
2185,2996.17,722957.28
2186,451.11,97638.52
2187,331.84,11155.07
2188,797.12,9451.86
2189,176.77,1257.51
2190,141.34,5075.37
2191,71109.99,1663270.13
2192,49903.12,2370807.41
2193,2300.5,104373.67
2194,2353.96,11131.51
2195,28322.63,252128.08
2196,300.01,5828.32
2197,-4143.06,16626.18
2198,2190.91,28435.28
2199,2317.09,34924.72
2200,-6060.25,70021.48
2201,-368.21,14950.01
2202,3804.87,68163.98
2203,4255.36,55886.64
2204,3546.13,112923.51
2205,2054.68,27223.56
2206,33.27,501.91
2207,18652.66,752383.02
2208,2849.69,24989.51
2209,160.56,1939.62
2210,422.79,7580.15
2211,5108.16,319048.77
2212,141.03,3379.61
2213,12823.53,109628.73
2214,764.99,19591.12
2215,78.85,2137.7
2216,-36.45,3616.93
2217,685.47,7910.73
2218,639.07,11665.04
2219,9108.8,100307.05
2220,7573.51,66979.66
2221,1771.33,26370.92
2222,30.33,762.86
2223,752.96,7455.85
2224,665.58,13407.93
2225,-259.63,675.57
2226,13072.67,313026.06
2227,670.49,8908.86
2228,483.54,5483.35
2229,52571.42,1157949.3
2230,1015.43,14773.77
2231,1037.79,28512.44
2232,632.78,4830.49
2233,127962.67,845271.68
2234,10072.24,187821.54
2235,2298.16,12359.15
2236,-1558.41,13329.59
2237,245.44,6212.18
2238,-329.05,3834.56
2239,308.74,4177.25
2240,383.8,3961.76
2241,17784.17,211125.46
2242,1224.56,13432.62
2243,-3162.43,11364.78
2244,5737.11,148469.22
2245,-2453.64,55258.86
2246,772.33,15974.49
2247,3791.92,30272.47
2248,14909.04,235033.14
2249,160.47,2304.38
2250,994.86,10498.59
2251,924.79,10651.35
2252,89.7,12076.6
2253,8669.86,209274.59
2254,-357.83,4234.92
2255,-582.54,14543.13
2256,1244.72,16991.71
2257,581.83,6876.23
2258,1392.09,24771.67
2259,7351.9,152076.97
2260,8100.57,255393.39
2261,246.59,3655.38
2262,709.25,9688.88
2263,1701.8,30667.67
2264,974.09,7234.37
2265,2312.94,24803.66
2266,-82353.78,357870.06
2267,8705.06,83610.76
2268,1670.21,21734.71
2269,1466.1,22262.45
2270,215.85,1082.17
2271,16204.11,238968.5
2272,2316.34,40633.26
2273,346.74,13276.54
2274,1753.15,82217.06
2275,886.2,20300.71
2276,8023.9,39905.39
2277,821.23,11999.71
2278,41.49,1596.72
2279,69.72,27083.51
2280,4490.76,42927.79
2281,140.22,3412.38
2282,308.46,2650.78
2283,3732.42,8379.43
2284,1275.64,22708.42
2285,34.41,4464.63
2286,624.02,67266.73
2287,831.57,11607.02
2288,946.54,18373.02
2289,5937.32,142177.18
2290,11114.11,26888.47
2291,609.59,5393.01
2292,3084.32,52882.68
2293,175.33,4701.5
2294,1062.22,20071.42
2295,1384.47,29194.53
2296,1526.89,717795.9
2297,521.76,7062.37
2298,3029.43,82977.18
2299,2276.89,25484.69
2300,572.1,9325.35
2301,-52774.78,131900.74
2302,-1822.56,26805.19
2303,25.72,782.21
2304,463.42,3927.54
2305,35416.31,420498.52
2306,1999.94,79311.04
2307,9603.12,181563.22
2308,27.09,2568.43
2309,-1010.04,5321.54
2310,649.88,10661.08
2311,1814.3,13740.17
2312,50.51,3612.95
2313,165146.11,4148379.37
2314,483.63,5091.07
2315,100066.31,518958.49
2316,201139.14,1538954.6
2317,2679.22,20819.87
2318,4841.69,37502.98
2319,3075.79,24216.57
2320,264.77,18181.58
2321,2015.02,23967.66
2322,1733.87,14485.6
2323,1120.96,23248.33
2324,-1627.33,7991.55
2325,2858.88,26309.9
2326,976.71,6062.93
2327,148369.61,2048974.59
2328,274.03,6306.16
2329,4838.68,101920.69
2330,1031.52,28948.14
2331,540.98,16827.62
2332,29376.28,422524.07
2333,3174.89,13724.76
2334,1327.83,16249.55
2335,432.25,5241.46
2336,-46.88,371.86
2337,-9.23,742.3
2338,-45.47,7669.01
2339,327.98,3878.37
2340,739.17,7870.66
2341,619.42,13510.04
2342,-1174.58,7397.46
2343,405.82,9180
2344,52097.99,550646.22
2345,139.12,3429.37
2346,606.3,2629.07
2347,239.05,11912.93
2348,74,2403.85
2349,440.92,12037.25
2350,3522.59,60662.07
2351,395.65,38499.37
2352,11189.79,63715.97
2353,-1213.81,33749.61
2354,3789.74,72038.37
2355,223.68,3168.93
2356,401.07,6438.59
2357,612.48,8956.1
2358,1778.22,18353.78
2359,10.82,8784.68
2360,30.44,963.55
2361,504.94,4276.87
2362,29620.51,3184968.42
2363,1826.21,9032.9
2364,-1779.52,4595.85
2365,536.35,6307.9
2366,-338.12,14690.1
2367,1108.97,116806.22
2368,-9722.57,148129.16
2369,-10.72,2009.4
2370,42.65,590.26
2371,2058.99,50619.57
2372,29298.37,181286.26
2373,591.91,6130.8
2374,412.41,18103.38
2375,1116.19,16623.69
2376,99.67,783.33
2377,13742.18,198263.87
2378,260.67,3450.77
2379,2377.77,19353.71
2380,-135.56,3679.43
2381,289.82,38498.77
2382,329.62,16862.13
2383,229.62,3115.56
2384,-2786.95,248768.17
2385,-1270.04,83208.1
2386,-11094.13,82854.93
2387,-1250.24,24650.23
2388,389.61,23189.73
2389,1875.81,30244.59
2390,8064.09,191968.61
2391,1235.38,70125.27
2392,-6666.78,20295.66
2393,36593.82,660706.07
2394,431.64,22716.15
2395,814.35,32729.72
2396,-433.78,7622.15
2397,312.28,9339.93
2398,231649.25,2326932.23
2399,2196.21,30399.28
2400,193.98,3128.4
2401,392.93,10439.3
2402,-2904.59,36714.73
2403,976.23,49183.11
2404,615.83,9299.97
2405,124.37,5193.3
2406,260.96,4025.76
2407,13087.82,111834.84
2408,127.64,4637.77
2409,1868.09,67519.78
2410,-9382.13,64481.24
2411,282.1,12932.24
2412,-6595.51,34758.84
2413,2668.81,58246.99
2414,560.29,10840.01
2415,1186.2,22519.1
2416,1947.84,31180.87
2417,-8249.46,23934.32
2418,2724.92,54348.04
2419,-289161.9,1005192.32
2420,127979.69,803204.05
2421,243.59,2033.13
2422,137.14,2433.51
2423,141.68,3554.57
2424,12227.3,145093.75
2425,40.61,3231.66
2426,856.23,9489.21
2427,-965.56,14157.48
2428,979.51,11409.24
2429,1512.86,35234.76
2430,1646.19,23570.88
2431,29692.24,703993.07
2432,882.33,13082.73
2433,-12198.77,62793.76
2434,7551.51,160046.53
2435,2223.95,69746.84
2436,457.44,5087.27
2437,-1740.34,76131.94
2438,523.09,5507.64
2439,108.77,17959.08
2440,789.93,7481.27
2441,18615.41,299851.85
2442,24231.11,263561.41
2443,2201.35,17664.85
2444,44.71,39450.8
2445,250.84,13171.13
2446,629.08,15378.81
2447,382.98,10433.11
2448,809.75,18076.32
2449,-309.71,56210.61
2450,68.16,1810
2451,1595.15,26339.95
2452,361.6,8259.3
2453,431.1,22816.27
2454,111359.99,2318044.01
2455,929.46,7339.58
2456,2985.78,8214.65
2457,141.9,2497.67
2458,878.37,6744.22
2459,3156.9,43388.71
2460,14639.16,102607.59
2461,457.87,4350.21
2462,255.73,2878.84
2463,387.26,14760.45
2464,5375.06,56348.36
2465,1055.91,52746.48
2466,203.67,9933.03
2467,335.18,9646.31
2468,-3073.77,25728.17
2469,95.66,5983.13
2470,14641.78,72520.2
2471,1548.85,15603.49
2472,434.98,7590.58
2473,117.91,1243.45
2474,981.57,11755.14
2475,-230.92,3871.51
2476,41.27,1703.97
2477,-63105.06,394544.64
2478,520.82,5432.92
2479,489.16,13098.49
2480,2875.32,56799.63
2481,1075.77,43472.43
2482,97612.05,1368482.96
2483,60.9,1354.44
2484,9737.21,105538.83
2485,7543.13,462765.5
2486,1696.6,6020.29
2487,57.36,4753.36
2488,2027.16,74111.15
2489,1103.92,31044.41
2490,173.87,1664.32
2491,101.4,695.66
2492,2068.99,25578.48
2493,-16260.89,83488.87
2494,11221.7,88432.5
2495,7114.86,101522.79
2496,62.88,1958.66
2497,3251.84,46449.46
2498,487,4548.2
2499,769.39,3690.86
2500,3468.83,54603.16
2501,49.9,1431.26
2502,-1190.76,5055.83
2503,310.6,6768.82
2504,60223.83,664734.81
2505,166.2,2864.75
2506,8288.35,192428.94
2507,188.62,757.63
2508,60.67,1072.33
2509,307.89,8697.23
2510,1950.56,31198.08
2511,-1636.38,18511.07
2512,326.45,2968.91
2513,667.62,14013.05
2514,56.79,2583.62
2515,8831.02,186159.62
2516,2987.32,65065.23
2517,-121.67,8351.39
2518,1475.46,10003.18
2519,3366.82,33979.86
2520,916.46,8876.86
2521,1349.65,11652.72
2522,-796.49,6066.05
2523,5200.83,33046.67
2524,193.8,20565.64
2525,284.73,2588.08
2526,166.11,1646.09
2527,25.28,497.93
2528,14010.28,244519.27
2529,833.75,28699.99
2530,391.88,21551.37
2531,430.6,3849.77
2532,248.51,2504.04
2533,3099.66,52006.92
2534,3907.92,36655.68
2535,-2112.04,33067.2
2536,-2686.47,10979.77
2537,2424.77,24961.76
2538,671.52,5931.51
2539,-4313.29,56780.49
2540,-870.18,34183.42
2541,209471.49,2710193.04
2542,-6728.5,76877.87
2543,128.23,1195.59
2544,50.44,1553.93
2545,402.33,9891.07
2546,-57554.47,202117.04
2547,437.84,14434.91
2548,15323.63,141995.74
2549,-3780.56,65266.14
2550,445.33,5486.93
2551,-41667.47,160080.37
2552,542.24,4627.26
2553,-905.12,18029.65
2554,128.25,6801.06
2555,59.92,385.68
2556,260.78,4353.48
2557,272.3,6395.26
2558,1472.14,5683.98
2559,3750.16,10869.46
2560,43.66,3386.43
2561,3916.1,26712.15
2562,1041.66,34282.39
2563,-6391.23,115919.67
2564,1055.47,11011.35
2565,207.09,3744.46
2566,2580.48,15486.69
2567,29.2,3060.51
2568,52749.8,867738.46
2569,9814.68,153353.63
2570,20803.52,141495.19
2571,335.13,3353.57
2572,87.25,1688.96
2573,342.13,31356.2
2574,-13327.56,142468.96
2575,-281.95,3934.03
2576,723.65,14174.48
2577,2428.54,32196.64
2578,7543.09,127164
2579,36514.93,1306268.7
2580,256.91,4199.64
2581,-372.19,14177.82
2582,16.37,952.22
2583,782.66,24778.03
2584,4515.41,65252.01
2585,14739.55,132150.28
2586,11110.88,102619.99
2587,-2154.22,113213.46
2588,4361.72,86657.12
2589,178.88,20269.75
2590,2757.45,62977.42
2591,2482.88,57944.33
2592,4961.65,46101.23
2593,107.4,24886.07
2594,170.71,6356.27
2595,14.35,2750.71
2596,1131.52,15544.57
2597,19451.69,380170.64
2598,101502.28,485445.72
2599,1363.43,31307.48
2600,8895.47,79317.88
2601,2773.33,23477.14
2602,1573.88,20156.86
2603,84.6,1474.5
2604,228474.11,1459098.83
2605,797.69,7213.43
2606,928.77,9324.15
2607,10436.37,1521111.96
2608,-454.22,20362.54
2609,-14800.24,55210.55
2610,4619.65,28769.83
2611,54602.58,591018.17
2612,344.14,9768.56
2613,318.76,4368.18
2614,-1813.22,56104.4
2615,-17204.64,47098.81
2616,3003.5,91592.65
2617,14508.3,138419.08
2618,478.08,18372.84
2619,74.71,41147.18
2620,51324.41,807247.24
2621,68.73,1741.7
2622,644.62,16824.99
2623,921.31,114785.21
2624,826922.51,22370463.53
2625,319.54,9308.5
2626,-2149.55,7264.72
2627,651.77,12546.6
2628,43.29,74003.57
2629,1016.91,22740.07
2630,4.46,10863.16
2631,159.34,3696.76
2632,273068.53,1465245.81
2633,102.92,10455.92
2634,-20949.77,116561.74
2635,434.27,5043.4
2636,904.45,28914.99
2637,360.92,8266.63
2638,2757.83,59858.68
2639,566.02,16031.91
2640,4360.97,27640.95
2641,14619.91,346253.63
2642,12553.22,94994.97
2643,5040.8,23403.1
2644,13.32,1038.97
2645,8984.02,334645.91
2646,93.3,1127.55
2647,6363.84,55836.4
2648,-1598.54,11454.94
2649,186.7,3270.68
2650,13095.12,341720.9
2651,-10837.15,221118.84
2652,4438.33,47367.35
2653,83337.15,1410322.11
2654,8643.32,91896.64
2655,239.47,3738.86
2656,185.39,2754.38
2657,8552.3,88576.97
2658,-2410.04,13496.56
2659,3052.15,14413.15
2660,-2024.14,24217.44
2661,491.37,22615.83
2662,23.36,1299.69
2663,512.81,29641.29
2664,590.47,8418.32
2665,1594.1,84629.46
2666,1637.48,37484.09
2667,74268.05,946622.31
2668,146342.71,744513.2
2669,327.2,6372.37
2670,2409.05,26379.82
2671,3291.01,15078.29
2672,471.56,5305.25
2673,5132.31,55673.72
2674,4989.67,30656.12
2675,161.58,2282.47
2676,30088.64,621917.63
2677,608.42,24275.76
2678,91.61,5331.92
2679,408.74,7099.91
2680,30148.43,1472957.17
2681,-91.76,16098.01
2682,58130.71,572177.4
2683,44.28,2827.52
2684,-1090.45,53408.19
2685,501.08,6569.31
2686,-17321.82,90991.41
2687,284.9,5428.81
2688,4057.53,58388.37
2689,-10493.77,27078.08
2690,2527.75,13182.74
2691,-3592.76,21050.02
2692,-1391.75,48749.59
2693,5445.53,38333.93
2694,3526.53,140386.8
2695,20944.95,171536.55
2696,2125.39,11780.45
2697,142.51,2089.62
2698,360.5,96066.63
2699,760.26,10663.77
2700,601.43,8098.66
2701,-833.63,11035.78
2702,-12963.85,55167.43
2703,-6010.08,20138.1
2704,2313.65,31273.4
2705,80.46,3055.47
2706,36211.31,1501996.74
2707,-454.95,2818.92
2708,4239.4,108381.38
2709,223.37,8652.71
2710,1854.11,35658.4
2711,50488.9,667229.98
2712,-3795.05,15570.25
2713,227.34,4416.74
2714,793.86,73067.28
2715,8612.77,424429.06
2716,221.53,8901.94
2717,1139.29,16582.43
2718,818.23,21019.9
2719,104.9,2964.65
2720,2002.84,24661.88
2721,581.39,5996.45
2722,1112.79,13099.26
2723,612.92,9223.32
2724,274.41,7466.05
2725,3595.46,43192.38
2726,2752,49089.75
2727,1924.46,10598.01
2728,109.34,4343.57
2729,1331.46,28299.65
2730,-1216.99,28862.3
2731,2047.35,8031.22
2732,719.72,4148.48
2733,74.14,9667.68
2734,87335.74,933014.04
2735,139823.85,1503617.45
2736,12034.38,27005.37
2737,17160.67,168331.11
2738,2053.02,14778.01
2739,17.24,4531.27
2740,759.14,11018.08
2741,113.05,30416.41
2742,1468.47,30676.41
2743,42575.43,250709.89
2744,414.07,7615.52
2745,13202.71,161897.66
2746,7557.41,115169.76
2747,-1638.94,5979.25
2748,88.73,6088.58
2749,210.86,4140.04
2750,692.63,8749.83
2751,14.36,1093.63
2752,-510.4,3600.78
2753,467.28,10660.09
2754,10659.88,184495.98
2755,4986.55,133307.34
2756,736.1,21430.48
2757,848.31,16314.88
2758,349.01,5090.23
2759,532.39,3903
2760,311757.1,4849928.55
2761,-104.19,765.2
2762,118.92,2538.15
2763,438.39,18289.12
2764,293.62,5506.85
2765,7867.86,124260.17
2766,-1276.3,4110.72
2767,13210.42,115320.6
2768,1368.48,15856.05
2769,3022.76,128670.44
2770,898.76,15997.7
2771,3863.23,34927.27
2772,209.79,2047.8
2773,3059.91,66577.23
2774,770.34,3607.06
2775,1030.22,104864.38
2776,1272.84,95779.99
2777,1855.17,14003.53
2778,108.32,1160.63
2779,1417.85,30920.14
2780,56604.18,266101.5
2781,60.85,1252.34
2782,192.21,3519.31
2783,7029.58,48799.87
2784,-516,11324.81
2785,266.68,5494.58
2786,280.13,6085.65
2787,3214.44,59726.46
2788,524.42,9194.24
2789,183.43,2798.03
2790,298.9,2648.21
2791,531.15,12609.28
2792,2510.68,52281.78
2793,62.84,2346.36
2794,499.97,6286.95
2795,3432.29,44574.06
2796,70.76,969.75
2797,4903.86,53349.06
2798,7033.8,32489.41
2799,-455.58,25823.96
2800,1304.68,15109.38
2801,14.59,4854.29
2802,-56.58,23856.67
2803,4356.81,95937.38
2804,29579.53,457404.44
2805,7130.07,85942.62
2806,557.81,12418.56
2807,3283.49,141226.61
2808,4009,22083.61
2809,359.9,5308.67
2810,1924.69,15482.71
2811,357.72,9732.71
2812,6318.25,124467.21
2813,164.44,3277.93
2814,19669.14,259384.23
2815,1018.71,23933.22
2816,88.39,2150.19
2817,412.86,49775.84
2818,76.13,7674.55
2819,445.73,7247.05
2820,53412.66,775924.9
2821,182.87,4522.79
2822,-7548.95,441388.48
2823,-2023.94,12872.41
2824,878.15,9654.92
2825,644.41,24579.99
2826,37.84,322.79
2827,2652.56,45638.94
2828,-1350.82,3650.61
2829,564.85,7370.43
2830,165.49,3978.16
2831,26260.97,416359.9
2832,1394.13,7575.44
2833,41965.79,400948.72
2834,54424.62,408714.19
2835,-6578.64,29090.17
2836,16.18,767.69
2837,-874382.4,2247876.66
2838,125.91,5094.73
2839,159.92,13285.98
2840,-2696.1,21868.94
2841,1632.8,47639.14
2842,-1507.95,3860.28
2843,1197.79,13841.02
2844,6094.87,35983.62
2845,4903.76,103711.71
2846,137.83,3947.19
2847,30655.49,636493.52
2848,2661.85,36281.52
2849,2267.96,39921.6
2850,5607.93,72645.8
2851,146,1614.2
2852,2872.86,30957.55
2853,232.19,10300.8
2854,1451.55,17550.3
2855,531.76,6681.79
2856,80.9,1242.2
2857,-502.29,2869.15
2858,1781.37,14850.65
2859,162.01,2564.5
2860,1999.31,15392.16
2861,-2518.22,7938.17
2862,898.65,9321.89
2863,1472.88,9367.72
2864,917.09,33815.12
2865,1508.1,32005.46
2866,43458.9,298626.97
2867,1028.03,15778.2
2868,173.01,9518.77
2869,123.02,7311.93
2870,1856.33,15745.83
2871,3521.49,17944.74
2872,9506.53,38181.23
2873,-9317.6,108748.75
2874,33122.28,365928.1
2875,1408.2,16311.52
2876,5093.04,100482.33
2877,86.09,5827.97
2878,1111.57,2338130.19
2879,38884.34,2508167.76
2880,2334.95,18777.43
2881,473,8526.39
2882,10.96,8952.28
2883,-2411.39,35328.59
2884,328.04,3539.3
2885,5142.27,23648.14
2886,217.86,5165.19
2887,129868.95,771646.68
2888,6580.04,147612.24
2889,-1420.11,16472.9
2890,1446.07,19630.06
2891,3936.09,75547.71
2892,144.24,8453.83
2893,577.05,5284.61
2894,-51.78,9416.79
2895,8686.69,83971.43
2896,705.99,69881.95
2897,185.02,1433
2898,5764.92,57628.84
2899,9547.31,271584.01
2900,508.88,6118.29
2901,-2142.74,180073.64
2902,604.06,6141.34
2903,13399.8,366373.7
2904,45660.48,289753.23
2905,339.45,6591.33
2906,639.94,19448.83
2907,97.04,1447.86
2908,10465.3,89315.77
2909,2217.67,16967.67
2910,53600.02,406221.36
2911,1002.64,52640.24
2912,7246.01,62492.61
2913,177.12,7096.61
2914,802.06,42753.8
2915,1515.21,7731.18
2916,1025866.77,10553073.32
2917,5319.93,106507.28
2918,3747.42,90072.85
2919,1494.84,20691.99
2920,321.88,5235.97
2921,1676.19,7327.54
2922,2293.35,43049.13
2923,4479.66,75503.06
2924,2201.52,38546.45
2925,671.21,5963.27
2926,873.35,5548.84
2927,1588.67,11317.25
2928,14739.47,143764.45
2929,274.21,14832.55
2930,5412.94,117336.68
2931,1240.31,74581.79
2932,6372.53,87754.27
2933,104.08,2235.58
2934,9687.71,106737.39
2935,303.42,4342.94
2936,-69.37,2219.3
2937,954.86,9263.6
2938,6543.51,52840.64
2939,2000.73,31216.16
2940,4611.22,45742.12
2941,19.23,1526.21
2942,2796.33,98143.42
2943,3090.38,10173.52
2944,31.35,2691.43
2945,276.4,8653.44
2946,-30525.05,186291.4
2947,147.35,4431.43
2948,580.56,11710.58
2949,2136.57,34698.55
2950,-80.85,2386.76
2951,1638.35,38328.45
2952,-200652.9,487512.21
2953,346.83,5156.52
2954,1068.16,19853.44
2955,-8348.24,100994.87
2956,-296.03,54583.6
2957,1119.24,6683.76
2958,102.86,1465.42
2959,19060.15,205341.04
2960,2532.29,13980.66
2961,299.14,8816.19
2962,4144.97,54232.38
2963,345.63,5055.77
2964,14312.13,252151.9
2965,268.89,3857.83
2966,276114.58,4982849.76
2967,132356.25,829249.33
2968,610.21,5422.31
2969,1.08,509.81
2970,-63.58,3901.54
2971,37918.75,2317171.58
2972,-5269.84,736686.12
2973,-1213.82,16527.15
2974,2964.68,114683.34
2975,91082.68,549623.41
2976,2179.06,19964.13
2977,159.6,23202.1
2978,14582.93,103380.38
2979,191765.95,2161476.31
2980,439.4,4170.66
2981,-1523.53,8901.55
2982,-12775.37,60077.17
2983,1360.4,20722.3
2984,135.4,2359.12
2985,66.52,627.95
2986,15985.8,37991.51
2987,208.18,5024.83
2988,-7614.37,250862.24
2989,427.29,11264.38
2990,-78.75,3761.57
2991,47492.45,621335.68
2992,1141.41,26170.46
2993,-6080.86,78144.85
2994,3650.6,59800.11
2995,13942.48,142484.25
2996,3014.89,89494.01
2997,380.99,22175.06
2998,255.89,6039.7
2999,526.82,5336.57
3000,3228.55,49161.9
3001,6807.38,205832.28
3002,12717.69,101843.88
3003,3436.06,44935.82
3004,2148.23,29459.98
3005,29.32,1270.63
3006,7127.42,43235.85
3007,20787.95,584114.34
3008,9053.48,96973.34
3009,1367.55,15179.59
3010,22438.87,194267.5
3011,10094.19,300368.17
3012,139.38,3271.66
3013,92.53,1884.58
3014,4754.34,65349.58
3015,4679.41,52364.28
3016,2356.71,42962.93
3017,1928.53,44925.05
3018,422.97,4807.42
3019,11009.71,110997.56
3020,50252.65,653681.31
3021,537.8,9922.61
3022,351.95,15578.22
3023,-272.35,3982.09
3024,1047.87,18284.94
3025,-1876.4,52825.73
3026,43476.06,484038.33
3027,19.55,429.99
3028,413.26,5091.5
3029,795.19,9500.78
3030,566.14,4898.48
3031,803.32,9404.96
3032,486.92,3680.67
3033,11749.67,69407.33
3034,7461.4,232385.35
3035,44677.38,1150589.63
3036,-1079.72,5579.6
3037,1129.06,21609.46
3038,50.98,3314.4
3039,-390.51,4401.31
3040,309.44,7769.81
3041,308.55,3025.23
3042,280.67,9409.88
3043,443.65,4702.97
3044,261.58,2589.93
3045,346.59,2164.76
3046,222.29,34269.53
3047,294.09,5256.25
3048,423.22,1613.17
3049,6007.36,152615.78
3050,4594.04,66482.2
3051,2942.73,11813.32
3052,343.98,5354.83
3053,148.12,1240.09
3054,45471.55,668643.87
3055,-641.44,7470.08
3056,26573.82,348157.24
3057,4915.87,137423.65
3058,145.44,6559.31
3059,14088.47,124829.84
3060,83.05,987.2
3061,1540.88,7222.91
3062,23047.63,2452961.21
3063,4283.48,39809.38
3064,34918.26,379371.78
3065,1783.02,31348.19
3066,543.3,7045.01
3067,338.23,3631.94
3068,27908.33,381687.14
3069,419.51,5181.05
3070,351.8,4091.28
3071,-738.51,3773.13
3072,56701.64,334389.94
3073,2662.35,48422.5
3074,949.27,6960.59
3075,1061.98,9019.01
3076,299.21,3337.28
3077,73.71,2584.31
3078,2228.22,40791.01
3079,380.61,8987.93
3080,-4488.89,34927.24
3081,976.46,14442
3082,-96.35,1746.19
3083,2262.65,29739.41
3084,88.98,2285.3
3085,23.32,1450.07
3086,102.68,25472.93
3087,2773.05,13999.54
3088,413.12,3727.22
3089,-544.7,9248.53
3090,5318.66,53417.94
3091,205.22,2263.52
3092,3371.87,21942.44
3093,-1062.47,5923.67
3094,-7967.9,25976.37
3095,2184.04,24554.28
3096,298.06,1519.51
3097,183.05,8489.25
3098,367.72,1920.88
3099,10429.48,75348.18
3100,2843.42,19165.21
3101,70.39,1135.54
3102,1163.06,14788.51
3103,9735.75,134783.39
3104,290.85,2488.98
3105,3084.08,48559.54
3106,1157.98,48036.34
3107,628.79,3248.33
3108,160.35,4553.17
3109,73.42,2260.81
3110,394.4,4399.8
3111,2585.86,16220.93
3112,996.53,10073.01
3113,91.83,8929.81
3114,406.63,12067.76
3115,-700.65,12039.59
3116,726.17,8057.45
3117,7919.87,199714.86
3118,264.21,5525.49
3119,-87709.73,383360.51
3120,1640.1,27112.83
3121,75335.65,1679065.49
3122,383.34,7847.47
3123,581.77,12140.58
3124,581.51,9291.58
3125,-17807.02,161293.91
3126,-5542.74,37112.22
3127,21.89,544.66
3128,-441.07,3820.52
3129,135.28,3283.21
3130,29120.98,296387.2
3131,654.95,5677.63
3132,9212.38,110069.38
3133,436.37,3990.48
3134,-42313.11,220567.16
3135,2167.86,42867.04
3136,1832.32,49038.03
3137,-1689.85,20081.34
3138,398.64,3189.79
3139,1405.41,18974.42
3140,-4923.64,21269.12
3141,2382.04,16834.27
3142,-914.07,29474.97
3143,7172.85,106502.18
3144,3555.36,76987.06
3145,1156.47,14007.01
3146,210.36,4252.59
3147,554.69,7964.59
3148,2254.24,117848.35
3149,12.13,12163.34
3150,-3780.56,25557.58
3151,472.11,5977.89
3152,1822.78,8208.37
3153,460.05,5456.21
3154,172.77,1484.39
3155,-89.4,7381.46
3156,9729.17,108225.15
3157,559,7708.59
3158,273.95,2912.4
3159,-761.93,2626.5
3160,355.9,22630.83
3161,291.7,14720.98
3162,3617.86,63728.4
3163,487.9,6791.2
3164,99310.75,715940.09
3165,448.3,8799.44
3166,98685.52,2483245.85
3167,267.07,2882.88
3168,2389.19,35252.62
3169,350.47,5701.21
3170,423.73,8708.17
3171,11.01,3442.29
3172,342.42,7374.04
3173,64.88,1814.79
3174,888.54,15084.98
3175,16300.53,90992.87
3176,-317.95,1439.44
3177,12546.42,154538.19
3178,576.26,10427.17
3179,2010.51,12684.63
3180,-878.69,3487.55
3181,224.55,5696.76
3182,205.88,2867.93
3183,1245.14,8721.93
3184,1048.07,9933.38
3185,5808.82,113606.03
3186,431.69,3521.61
3187,525.69,9120.5
3188,912.75,12277.17
3189,-2685.32,22855.93
3190,-519.15,39018.85
3191,-61.26,16563.55
3192,1027.1,17263.06
3193,2413.24,36821.93
3194,1580.91,32047.68
3195,5993.89,103804
3196,11656.17,123565.98
3197,216.12,4374.65
3198,65814.17,416168.02
3199,113.41,508.24
3200,-554.16,9553.01
3201,1145.99,20119.75
3202,175.36,5878.57
3203,1883.83,25466.62
3204,-30271.47,752169.77
3205,208.85,2261.71
3206,15379.58,377737.33
3207,3769.43,48320.53
3208,1934.09,28172.11
3209,2920.44,94348.89
3210,1021.29,17929.83
3211,4665.21,45266.29
3212,3741.98,130370.54
3213,-1989.45,9076.38
3214,5867.23,55581.27
3215,974.04,14372.79
3216,97.67,2254.42
3217,1348.14,45772.66
3218,94.11,2346.68
3219,6745.82,223831.36
3220,911.72,11450.49
3221,1916.8,13790.82
3222,199.13,4360.74
3223,292.06,5736.76
3224,247.68,10432.62
3225,330.8,9736.47
3226,-1174.66,8710.76
3227,272.06,3010.47
3228,4903.78,21314.9
3229,1369.97,17687.89
3230,600.31,4345.08
3231,-108.26,2148.16
3232,262.39,6072.2
3233,181.61,3779.4
3234,4559.21,69041.44
3235,133.11,7235.64
3236,63.88,1489.21
3237,305.64,4416.6
3238,242,4524.13
3239,641.89,4033.27
3240,521.81,290138.93
3241,974.03,12867.03
3242,121681.66,3706136.91
3243,-19.5,3038.76
3244,1519.87,60475.22
3245,24704.2,135934.87
3246,595.44,13332.46
3247,3093.6,20561.41
3248,1355.71,19110.53
3249,-1293.86,642076.91
3250,46.98,16970.1
3251,550.3,7600.27
3252,67.08,2838.99
3253,-163.96,16664.19
3254,203.82,3190.37
3255,187.93,1614.93
3256,3891.34,25492.38
3257,9345.44,60565
3258,6334.83,60847.88
3259,6329.6,36643.68
3260,-26303.49,244470.49
3261,231.4,2211.85
3262,-6278.28,260163.23
3263,-1016.61,5874.56
3264,1615.88,45862.42
3265,1338.02,26656.49
3266,722.41,11947.17
3267,401.73,2997.92
3268,2883.63,67028.94
3269,434.61,4427.01
3270,1590.42,9807.05
3271,295.12,6006.79
3272,-331.3,2975
3273,67925.3,672460.01
3274,83.37,1040.62
3275,388.3,9753.18
3276,242.54,5681.08
3277,161.12,2015.87
3278,349.29,20060.9
3279,3189.99,23567.08
3280,658.61,12050.77
3281,-24.95,1474.33
3282,-394.63,30675.01
3283,446.55,12670.7
3284,147.5,1832.68
3285,2152.34,45618.17
3286,-1122.53,17201.83
3287,662.66,3554.55
3288,-7392.95,71888.18
3289,-2419.5,52623.98
3290,567.32,25925.3
3291,6793.29,49670.97
3292,268.9,7301.65
3293,9.08,368.41
3294,2214.97,35062.02
3295,-1298.66,8271.88
3296,718.41,24189.85
3297,71.94,9899.92
3298,72.58,1264.14
3299,199.51,7340.87
3300,427.4,3328.06
3301,216.46,60627.96
3302,84.86,2786.04
3303,2280.53,58703.11
3304,33536.75,447468.17
3305,643.42,12376.68
3306,4819.11,58884.26
3307,2734.1,23283.02
3308,183.54,2775.3
3309,339.58,4807.04
3310,-1360.26,6728.35
3311,1896.28,43115.19
3312,-118.22,3461.97
3313,11879.16,2437747.35
3314,709434.15,5417717.13
3315,-3108.76,13150.89
3316,597.62,5021.63
3317,292.95,5998.65
3318,-717.82,43069.01
3319,1135.49,20895.44
3320,1102.72,9228.86
3321,242.69,1109.98
3322,177.91,1078.39
3323,256.89,9456.69
3324,952.93,9262
3325,433.14,6247.97
3326,-38369.03,280542.22
3327,-433.22,14382.84
3328,1217.6,25645.11
3329,1983.97,32855.4
3330,464.22,5780.88
3331,8927.26,69262.59
3332,6894.2,100560.61
3333,596.08,3876.96
3334,5997.18,19653.93
3335,381.73,4699.02
3336,198.61,10078.75
3337,610.77,3837.67
3338,619.69,5390.57
3339,136.49,1403.92
3340,1334.04,27589.72
3341,2525.38,31288.22
3342,1083.65,12484.42
3343,862.67,11233.96
3344,1908.69,13618.78
3345,13.83,376.07
3346,36.2,8593.99
3347,6919.77,49008.89
3348,368.35,3704.22
3349,31480.81,304051.09
3350,8125.26,377377.28
3351,4833.77,53065.21
3352,48.25,1007.6
3353,527.15,6734.85
3354,8411.47,127220.27
3355,419.11,12646.03
3356,1808.94,26373.75
3357,1050.39,11331.74
3358,78.6,630.82
3359,1667.51,283853.06
3360,-11987.92,153706.05
3361,-1709.82,85637.07
3362,16748.17,196271.53
3363,2018.74,15703.26
3364,19837.98,520096.06
3365,-1580.82,23873.54
3366,875.87,8976.01
3367,-543.38,2356.09
3368,422.72,3877.56
3369,-1287.7,36960.57
3370,7693.14,74885.69
3371,11394.06,65750.67
3372,107.93,2656.5
3373,200.29,2213.97
3374,-9873.75,79113.71
3375,870.64,11842.22
3376,31298.73,373313.62
3377,3619.36,99760.91
3378,1203.02,174167.19
3379,2203.28,23700.68
3380,98.54,3696.95
3381,222.25,2849.42
3382,10033.42,314428.64
3383,372.14,5413.95
3384,35.26,2555.28
3385,75358.64,199837.84
3386,402.39,13225.57
3387,7916.91,185550.8
3388,11461.49,126003.21
3389,146.46,2641.05
3390,40.47,180213.43
3391,8682.74,57113.12
3392,-8201.94,24840.1
3393,2093.13,48288.96
3394,60.19,6971.5
3395,-719.31,35864.48
3396,195.96,6314.68
3397,167.63,1903.4
3398,105955.22,1044110.22
3399,67.99,1842.92
3400,2621.93,50592.19
3401,256.49,7596.41
3402,-48825.84,219419.54
3403,60468.95,604969
3404,461.6,20671.46
3405,5229.83,66336.47
3406,1464.31,16817.33
3407,500.08,16349.23
3408,52.5,1350.03
3409,-484.89,41065.31
3410,94.68,40044
3411,-221034.62,3029784.65
3412,17.34,3796.08
3413,1221.5,25671.91
3414,1104.09,7629.93
3415,-1397.33,12052.45
3416,10711.35,176409.12
3417,38.31,957.79
3418,2283.64,17002.64
3419,195.99,8227.5
3420,53.15,1694.13
3421,181.34,3259.12
3422,11342.06,72722.62
3423,-9726.4,23765.18
3424,724.8,5531.75
3425,122.76,3158.94
3426,603.59,2066.17
3427,3644.62,149095.02
3428,325.08,5486.17
3429,2836.65,40555.27
3430,-6303.44,82735.59
3431,-7624.42,409991.82
3432,4229.35,32362.41
3433,11780.01,83859.97
3434,384.49,4018.1
3435,161512.89,2867382.58
3436,819.53,19856.6
3437,1292.47,21797.35
3438,65550.44,981950.64
3439,1218.09,20752.91
3440,5932.76,151980.78
3441,51.08,5747.84
3442,573.45,4491.72
3443,12590.28,103400.82
3444,5816.62,151924.59
3445,998.42,9497.61
3446,31643.75,169445.78
3447,1885.63,22006.54
3448,85.62,5561.2
3449,-451.23,3754.69
3450,-611.44,3028.42
3451,1183.42,9640.65
3452,11792.24,64016.76
3453,82.73,1058.71
3454,7614.19,192756.79
3455,-25112.94,106805.77
3456,3199.16,46238.07
3457,2485.51,25082.24
3458,554.17,15247.68
3459,14726.62,98461.39
3460,-17845.25,447215.08
3461,1852.78,21395.61
3462,316.58,7861.5
3463,3510.1,94349.17
3464,1503.78,27830.19
3465,72.69,841.49
3466,175.52,3187.89
3467,30600.03,699403.06
3468,18814.39,123148.76
3469,5827.97,119626.86
3470,19335.33,224897.37
3471,21830.94,191130.38
3472,2131.39,30393.2
3473,-1208.62,23753.1
3474,4880.44,35999.91
3475,724.49,32119.2
3476,143.98,5298.96
3477,3201.65,69187.56
3478,35322.92,917514.62
3479,105,25273.78
3480,1151.93,21088.85
3481,1545.82,19891.54
3482,82.58,4025
3483,295.52,2356.63
3484,4107.94,68244.56
3485,-36376.74,231045.73
3486,242.19,26389.19
3487,207.53,2614.44
3488,3804.78,64681.34
3489,533.22,10452.88
3490,298.29,2364.77
3491,-19753.43,239322.63
3492,-282.33,5338.77
3493,2301.96,65929.18
3494,1536.79,201493.83
3495,456.75,14781.45
3496,880.2,19102.66
3497,169.24,6657.81
3498,2570.37,56865
3499,1215.21,16822.91
3500,83.08,4468.2
3501,9774.39,148392.03
3502,454.72,5485.11
3503,3642.81,38390.7
3504,29303.79,1016586.09
3505,163.35,2457.05
3506,250.92,2402.81
3507,662.66,10737.62
3508,720.84,13525.07
3509,1227.46,10672.26
3510,323.13,9530.14
3511,1888.21,39244.69
3512,31.41,9091.86
3513,1289.8,21602.84
3514,19836.44,281595.25
3515,14677.66,151487.19
3516,1539.54,27017.33
3517,6217.93,50958.61
3518,2.53,5945.71
3519,199.87,4746.54
3520,38702.06,191080.15
3521,748.26,17847.24
3522,-279.01,6801.1
3523,24334.28,1155496.05
3524,266.2,7890.86
3525,15814.22,173497.88
3526,528.78,464455.89
3527,-83.03,9388.94
3528,4566.46,43695.88
3529,1686.78,40387.38
3530,-588.52,68219.95
3531,1250.94,6012.15
3532,-651.39,11457.18
3533,222.62,8418.52
3534,3221.6,22374.07
3535,-9672.85,931958.59
3536,38181.67,277041.16
3537,425.03,6749.82
3538,1260.99,8910.51
3539,8499.95,108932.23
3540,513.63,12651.43
3541,2803.61,19783.14
3542,1645.62,22568.69
3543,-476.23,4476.36
3544,1850.79,74262.68
3545,37773.75,379105.83
3546,420.68,5833.83
3547,1001.54,21620.41
3548,-9849.38,95419.44
3549,457.79,9611.45
3550,7.85,2582.18
3551,925.61,20976.79
3552,1449.92,10734.52
3553,1246.54,12056.11
3554,1157.77,17031.65
3555,221.22,3577.74
3556,795.07,8130.54
3557,851.07,30372.75
3558,98523.27,953162.14
3559,334.31,6557.14
3560,-4145.74,102302.99
3561,435.46,3405.61
3562,-138.31,3665.58
3563,101.47,7303.95
3564,2357.48,20401.19
3565,247.67,7237.95
3566,128.08,1461.66
3567,1434.69,13455.44
3568,-26799.02,158207.98
3569,4768.46,63670.66
3570,292.23,9967.21
3571,1529.67,26838.19
3572,-63.47,2081.21
3573,344.97,8242.56
3574,-778.37,4381.9
3575,7061.03,19620.65
3576,-63.89,15605.12
3577,54840.57,682486.19
3578,1206.71,14379.49
3579,12244.95,109918.56
3580,1568.6,414112.82
3581,-36062.54,146631.45
3582,82.06,5892.7
3583,103.83,5032.83
3584,-7447.58,111698.37
3585,202.62,3375.84
3586,5272.2,31951.21
3587,485.65,7130.24
3588,-25557.91,1691032.69
3589,1817.67,60704.13
3590,411126.76,1432458.08
3591,7642.81,113732.98
3592,100.21,1938.34
3593,661.23,4714.8
3594,279.63,2500.22
3595,6902.06,42465.24
3596,99449.46,1286664.88
3597,1732.2,21715.87
3598,976.14,18379.8
3599,45.32,1464.56
3600,1019.38,11928.92
3601,3124.34,28483.05
3602,1716.95,94550.09
3603,-654.4,10329.96
3604,304.46,6443.11
3605,48359.76,611493.45
3606,5843.96,71794.58
3607,972.74,5171.54
3608,23770.9,134755.75
3609,288.63,14623.56
3610,278.49,14074.39
3611,-1362.06,3384.74
3612,133.05,4286.95
3613,42295.37,140202.27
3614,3073.07,98663.72
3615,5356.05,63986.99
3616,1647.88,12844.21
3617,0,10004.2
3618,9818.56,70627.44
3619,66.52,1007.95
3620,463.48,8822.32
3621,21.26,1836.76
3622,1352.75,82139.06
3623,30.99,1208.17
3624,279.22,76788.11
3625,823.27,4806.76
3626,58.61,6242.95
3627,4289.87,64130.35
3628,199.21,2024.87
3629,143.54,3130.3
3630,446.18,14489.48
3631,2679.98,36673.5
3632,63.78,1527.82
3633,283.23,2671.74
3634,131.72,4175.75
3635,1751.47,42240.48
3636,236.41,5146.86
3637,112.69,1150.69
3638,1492.51,89866.37
3639,4376.03,81455.05
3640,1442.61,12225.89
3641,-2797.6,28537.8
3642,3884.2,57830.76
3643,737.37,4376.07
3644,1273.24,11989.14
3645,-372.31,3966.15
3646,8681.63,299123.26
3647,846.49,21221.31
3648,-2923.9,21225.95
3649,65.46,5467.65
3650,-942832.95,3511063.05
3651,3811.26,39910.07
3652,7043.88,45706.79
3653,5534.55,86608.83
3654,1822.63,22602.06
3655,89.32,2289.16
3656,561.37,7697.15
3657,1296.34,50892.38
3658,145.39,4072.9
3659,983.76,5776.09
3660,5497.32,87328.13
3661,2399.19,22188.88
3662,1030.96,70155.72
3663,792.04,12266.95
3664,565.26,12076.04
3665,242.24,12903.52
3666,5225.47,35501.78
3667,306.82,9617.29
3668,159.91,1506.82
3669,1313.11,16441.74
3670,49864.66,409466.52
3671,343.43,1868.4
3672,145.89,656.34
3673,810.7,9120.48
3674,435.76,18109.6
3675,668.11,8869.06
3676,1196.09,3384.03
3677,452.74,5772.91
3678,6482.58,81247.12
3679,145.71,14537.21
3680,-169.29,18054.58
3681,397.67,4643.96
3682,1012.57,25629.06
3683,5545.27,49266.28
3684,1417.67,25133.41
3685,678.22,17766.5
3686,-16222,40980.76
3687,4818.59,52273.81
3688,874.58,12489.24
3689,-8933.33,71208
3690,237.39,3801.82
3691,145.6,6377.29
3692,58.51,1998.53
3693,986.79,6317.15
3694,3.78,1126.58
3695,-1109.47,49580.49
3696,2093.61,30492.89
3697,1156.38,15714.6
3698,6799.97,98519.31
3699,167.87,3259.24
3700,2255.26,12571.93
3701,3860.79,19643.42
3702,2170.93,21551.75
3703,70.47,2343.49
3704,71.73,1249.38
3705,-145.27,2567.05
3706,175.88,3093.63
3707,51.45,4456.78
3708,1285.93,30048.35
3709,445.75,13423.79
3710,2139.56,255678.19
3711,953.36,6689.47
3712,1807.07,172030.46
3713,1293.57,82154.41
3714,-2718.06,12784.23
3715,2078777.67,11416729.1
3716,6490.59,78604.52
3717,19353.62,67451.98
3718,2055.87,20479.94
3719,5409.28,31695.99
3720,10102.06,297075.34
3721,-168.6,7255.15
3722,19032.99,986170.39
3723,122.56,3667.22
3724,13662.11,446383.82
3725,-759.61,23927.55
3726,-188.27,5523.1
3727,2710.96,41668.25
3728,5975.75,47180.93
3729,131291.75,2437946.74
3730,8075.41,101354.75
3731,1096.01,8313.21
3732,12611.53,102295.63
3733,-2638.07,19319.71
3734,831.88,15836.3
3735,86193.74,1340916.58
3736,409.44,5666.44
3737,8428.79,127543.99
3738,113113.54,603969.21
3739,684.32,7395.7
3740,996.49,40056.18
3741,878.28,19907.37
3742,404.76,10889.55
3743,315.66,14218.93
3744,1942.38,42091.44
3745,3.46,834.15
3746,15528.04,139437.07
3747,12187.29,245017.05
3748,35301.93,510395.32
3749,24199.8,515002.14
3750,1928.24,67040.77
3751,2281.48,42225.88
3752,99.9,1758.21
3753,2306.11,32100.16
3754,1215.37,24086.54
3755,15697.99,360842.01
3756,635.73,16132.63
