date,R_M
2016-01-04,-0.0043555809947492434
2016-01-05,-0.006662203835875869
2016-01-06,0.02163141606412694
2016-01-07,-0.025958809417435766
2016-01-08,-0.01340883918684697
2016-01-12,0.005650603355220512
2016-01-13,0.006006992473766021
2016-01-14,-0.004066430989523322
2016-01-15,-0.0014725950668146978
2016-01-18,-0.002176382454021777
2016-01-19,-0.01648031303384286
2016-01-20,0.006993093660672698
2016-01-21,-0.0028169482975797847
2016-01-22,-0.01588936410397324
2016-01-25,0.0018893515217377173
2016-01-26,0.002715993186427267
2016-01-27,-0.007560085179956286
2016-01-28,-0.006942805988144956
2016-01-29,0.004279513168870187
2016-02-01,0.0016839171347632566
2016-02-02,0.013081986676403267
2016-02-03,-0.0029318244149398264
2016-02-04,0.0027635948715070743
2016-02-05,-0.001696391771916813
2016-02-08,-0.004733912422731645
2016-02-09,8.731986437689116e-4
2016-02-10,-0.010730103358121454
2016-02-12,-0.014703615891124915
2016-02-15,0.004753577964101123
2016-02-16,-0.01288524112072255
2016-02-17,0.013490585161848834
2016-02-18,-0.00936422859637192
2016-02-19,-8.947492443082502e-5
2016-02-22,0.0038754592556979944
2016-02-23,0.013309194259590082
2016-02-24,-0.01916410314690331
2016-02-25,-0.003951097643760801
2016-02-26,5.750441864048515e-4
2016-02-29,-0.016364520696217216
2016-03-01,0.012248688999681819
2016-03-02,0.005529368414645703
2016-03-03,0.008466491519988554
2016-03-04,0.0018531958821481705
2016-03-07,0.014266580225928522
2016-03-08,0.00273551552161856
2016-03-09,0.003566025779259125
2016-03-10,0.0037270097158432704
2016-03-11,-8.692434476954733e-5
2016-03-14,0.007208625208294689
2016-03-15,0.010899240664821718
2016-03-16,0.01172093424228479
2016-03-17,0.01305888507103662
2016-03-18,0.0024423646244950423
2016-03-22,-0.00504841667100234
2016-03-23,-0.0014807321614957228
2016-03-24,-0.0019524711658388814
2016-03-25,-0.017009138617236727
2016-03-28,-0.011893314465675382
2016-03-29,-0.005252747813773027
2016-03-30,-0.010339245048677366
2016-03-31,-0.014873447294627827
2016-04-01,0.00228477736835407
2016-04-04,0.013577979067561296
2016-04-05,0.004026326814880774
2016-04-06,-0.019044329786967303
2016-04-07,-0.00217864135387218
2016-04-08,0.019376518728431515
2016-04-11,0.01599172470990772
2016-04-12,0.002799145594823552
2016-04-13,-8.461980819321363e-4
2016-04-14,8.133246963097649e-4
2016-04-15,0.0068651471534497644
2016-04-18,-0.006482012023094175
2016-04-19,-0.0017110522514880335
2016-04-20,-0.0038740993245310524
2016-04-21,-0.004348671558851891
2016-04-22,-0.004051260682986171
2016-04-25,-0.015141358778617985
2016-04-26,-0.013090763909392983
2016-04-27,-0.03069147248894702
2016-04-28,-0.010855621097435592
2016-05-02,-0.018231216212629152
2016-05-06,0.00343629256783785
2016-05-09,0.009666728547606395
2016-05-10,-0.008715352481117962
2016-05-11,-5.580788506905219e-4
2016-05-12,-0.020507213913568908
2016-05-13,0.018639842449212525
2016-05-16,0.004015520797939311
2016-05-17,-0.014937303200116008
2016-05-18,0.00326435411097682
2016-05-19,-0.01203576458638997
2016-05-20,-0.003434860933016241
2016-05-23,-0.0050836898774718016
2016-05-24,-0.0034542268509092614
2016-05-25,0.002802727058047418
2016-05-26,-0.008059311394347514
2016-05-27,0.009863467730131107
2016-05-30,0.0013013490758658351
2016-05-31,0.011230021963235902
2016-06-01,-0.011448520565362065
2016-06-02,0.005182502276373936
2016-06-03,0.0031785870512971064
2016-06-06,0.010556974037600019
2016-06-07,-0.0028686688457045108
2016-06-08,-0.009488932471362151
2016-06-09,0.003360877982736175
2016-06-10,0.013095975493634468
2016-06-13,-0.017786822917292267
2016-06-14,0.014466114469539442
2016-06-15,-0.011035021020240355
2016-06-16,0.01826973323893996
2016-06-17,-0.003629446781220547
2016-06-20,-0.013956456678446388
2016-06-21,0.004298885501510818
2016-06-22,-0.0010456347567042504
2016-06-23,0.018086763837306865
2016-06-24,0.00928622728827916
2016-06-27,0.003109801923190701
2016-06-28,6.725992606054041e-4
2016-06-29,-0.0048161926381029814
2016-06-30,-0.003806053850005385
2016-07-01,-0.003236548154411567
2016-07-04,-0.0012510837176196799
2016-07-05,-0.018546512770792205
2016-07-06,0.01701687957831647
2016-07-07,-0.0011434916896483386
2016-07-08,-0.0012173989739648857
2016-07-11,0.01722772655271607
2016-07-12,0.00606237721775699
2016-07-13,-0.022380435835954886
2016-07-14,-0.020934202484515954
2016-07-15,0.008106386515417022
2016-07-19,-0.002618658200240331
2016-07-20,0.03160199533311957
2016-07-21,-2.479153363886746e-4
2016-07-22,-0.0031776412499167628
2016-07-25,-0.011529760618925017
2016-07-26,0.009928728376352074
2016-07-27,0.01151195518134355
2016-07-28,0.00885167257211284
2016-07-29,0.01559747097985729
2016-08-01,-0.01435765430856656
2016-08-02,-0.004602845480941587
2016-08-03,0.011643940267062761
2016-08-04,-0.011667531260223466
2016-08-05,-0.0012132721501575943
2016-08-08,0.007266211178823234
2016-08-09,0.025575382210430396
2016-08-10,-0.00788120254084544
2016-08-12,-4.957553252406406e-5
2016-08-15,-0.011909274969865326
2016-08-16,-5.053906620953042e-4
2016-08-17,0.003768700930251653
2016-08-18,-0.013997026660391015
2016-08-19,-0.009887300135807072
2016-08-22,0.010379382743725999
2016-08-23,-0.013252191827026668
2016-08-24,-8.71494727952165e-5
2016-08-25,-0.010797613765475713
2016-08-26,-0.007739311196759037
2016-08-29,-0.013054218753532887
2016-08-30,-0.0018877983904905977
2016-08-31,-0.0029059146231991653
2016-09-01,0.0018798039537553342
2016-09-02,-0.00701283875275024
2016-09-05,-0.005313371514449601
2016-09-06,0.008142661236962617
2016-09-07,-0.012829586888832348
2016-09-08,-0.008583573081667623
2016-09-09,-0.007424633310966803
2016-09-12,0.013570540612066433
2016-09-13,0.006031459745746615
2016-09-14,-0.010506966847607947
2016-09-15,-0.00716729852653083
2016-09-16,0.017924722168089626
2016-09-20,-0.016701863440077482
2016-09-21,0.0018571052580655509
2016-09-23,-0.006186573246720821
2016-09-26,0.01640890042864594
2016-09-27,0.003529497816523867
2016-09-28,-0.0032663925582751877
2016-09-29,0.001402014150152236
2016-09-30,2.6347278742408096e-4
2016-10-03,0.0030297414025427997
2016-10-04,-0.0024806434311324364
2016-10-05,0.0011884787507313599
2016-10-06,-0.0028434221342356607
2016-10-07,0.0135698152814413
2016-10-11,0.0029067982765880857
2016-10-12,5.023377955436252e-4
2016-10-13,0.0027541922596244204
2016-10-14,-0.00974379171804081
2016-10-17,-0.020834496670447098
2016-10-18,0.025348700699641347
2016-10-19,-0.004817157629745466
2016-10-20,0.020301652928228272
2016-10-21,0.0018273826764770142
2016-10-24,-0.0075387484792924534
2016-10-25,-0.001967454669091456
2016-10-26,-0.007337404719819747
2016-10-27,-0.009903303570084777
2016-10-28,-0.006259627264482077
2016-10-31,-0.0128720286243161
2016-11-01,-0.004059326146372555
2016-11-02,0.006082977879767508
2016-11-04,-0.010662700124418676
2016-11-07,0.002738229190833818
2016-11-08,-5.360518191878696e-4
2016-11-09,0.01151974235619963
2016-11-10,0.007541804612377188
2016-11-11,0.003591370711305371
2016-11-14,-0.007499175747347101
2016-11-15,0.017044830595297666
2016-11-16,-0.006762360109269068
2016-11-17,-0.009442603376113468
2016-11-18,-0.0014725301971520515
2016-11-21,-0.0033403642109059288
2016-11-22,0.017138228134378715
2016-11-24,0.01570087922449623
2016-11-25,-0.023346126032832815
2016-11-28,-0.006535048653200794
2016-11-29,-0.004143662063480883
2016-11-30,0.0029259086050073117
2016-12-01,4.7329140737661435e-4
2016-12-02,0.010758201209934795
2016-12-05,-0.005482140369374661
2016-12-06,0.018634056238753197
2016-12-07,-0.007334968173533145
2016-12-08,0.027649259650765232
2016-12-09,-0.0014362191488637853
2016-12-12,-0.006422156692306624
2016-12-13,-0.014330191917371154
2016-12-14,0.022427754773870903
2016-12-15,0.01857750203395469
2016-12-16,-0.003440278585520288
2016-12-19,-0.004068704387737392
2016-12-20,0.016705825505466884
2016-12-21,-0.00833645891219395
2016-12-22,-0.005966697405377847
2016-12-26,-7.037392358020867e-4
2016-12-27,0.011449306371355921
2016-12-28,0.011581738566407346
2016-12-29,-0.011798259602981582
2016-12-30,0.003186727308311491
2017-01-04,0.02609006634060307
2017-01-05,0.012753672092348244
2017-01-06,0.0120677189116309
2017-01-10,-0.0013190414232188625
2017-01-11,0.005223065088600467
2017-01-12,0.001292670140174664
2017-01-13,-0.01870841219527723
2017-01-16,-7.99515137481846e-4
2017-01-17,-0.008885189542805344
2017-01-18,0.0028952600629851017
2017-01-19,-0.01071339146404925
2017-01-20,0.027765724598934866
2017-01-23,-0.005310856284386088
2017-01-24,-0.0015393769509167501
2017-01-25,-0.004237819171360766
2017-01-26,-0.021644520629548726
2017-01-27,0.006153062664351763
2017-01-30,-0.01402314631424278
2017-01-31,-0.007071729364555483
2017-02-01,0.0026775218264326155
2017-02-02,-0.002049605495850153
2017-02-03,-0.001419120166790873
2017-02-06,-0.012041400981567807
2017-02-07,0.010324388599345594
2017-02-08,0.012441066569857802
2017-02-09,0.020260575801479545
2017-02-10,-0.005582456804507957
2017-02-13,0.015363961908505726
2017-02-14,-0.016867810379411402
2017-02-15,0.0020560308778621796
2017-02-16,0.002334311389874086
2017-02-17,0.005026222600646892
2017-02-20,0.004292970814356288
2017-02-21,-0.007499152699992411
2017-02-22,0.00715236032890313
2017-02-23,-0.003160659918009443
2017-02-24,4.943925678973656e-4
2017-02-27,-0.014305165187875593
2017-02-28,0.009281198966948536
2017-03-01,4.2397113961603475e-4
2017-03-02,-0.0014530138000544922
2017-03-03,-0.02058353868336101
2017-03-06,-0.0050936175929002315
2017-03-07,-0.0034551545065903905
2017-03-08,-0.007829065688085292
2017-03-09,-0.005275751223316456
2017-03-10,-0.004952559861357221
2017-03-13,0.014068064634277115
2017-03-14,0.014746433971542329
2017-03-15,0.00822676069691475
2017-03-16,0.006020175637960661
2017-03-17,-8.446381336347178e-4
2017-03-21,0.008791466735617879
2017-03-22,0.017038110008656297
2017-03-23,0.004704963337465618
2017-03-24,-0.001985617931924147
2017-03-27,-0.002293347520976298
2017-03-28,0.002236876047302089
2017-03-29,0.014950970311170706
2017-03-30,0.018096825304884975
2017-03-31,0.004447862247754971
2017-04-03,0.003490443526572536
2017-04-04,-0.00645014760563468
2017-04-05,0.002352447706436337
2017-04-06,0.010653812531964697
2017-04-07,0.01490123131146444
2017-04-10,-0.01098406205029836
2017-04-11,0.017166803932599586
2017-04-12,0.0041423529320840135
2017-04-13,0.006826651348808738
2017-04-14,-0.009325256177308904
2017-04-17,0.01060366931073432
2017-04-18,0.016946587938958813
2017-04-19,-0.01008138854569966
2017-04-20,-0.005699706897129931
2017-04-21,-0.013023935474459245
2017-04-24,-0.009189816976590135
2017-04-25,0.016925345314544118
2017-04-26,0.009322401524007293
2017-04-27,-0.00830119768276325
2017-04-28,-0.0034414268628068776
2017-05-01,0.006823313628528155
2017-05-02,-0.005295503287637928
2017-05-08,-0.008319087518158077
2017-05-09,-0.0018161315621239892
2017-05-10,-0.00887342690295413
2017-05-11,-0.005861759468498542
2017-05-12,0.015535841460164132
2017-05-15,9.227718655656967e-4
2017-05-16,-0.006186194021128193
2017-05-17,0.0039036157560706276
2017-05-18,-0.002997061916310909
2017-05-19,-0.004527131192269985
2017-05-22,0.003963999315265089
2017-05-23,-0.008401507352004482
2017-05-24,-0.0062258746653084075
2017-05-25,-0.007751707008069635
2017-05-26,-0.0035779470492385067
2017-05-29,-0.020498101924980035
2017-05-30,0.008247993935195328
2017-05-31,0.015200206755436027
2017-06-01,0.010430463955151868
2017-06-02,-0.0015424952359392391
2017-06-05,0.013108267761414232
2017-06-06,-0.02058323400290423
2017-06-07,0.012028066468264981
2017-06-08,0.003933101882059663
2017-06-09,0.011519910591288051
2017-06-12,0.004907452620381892
2017-06-13,-0.005261383643805744
2017-06-14,0.013137155774921944
2017-06-15,0.004241859586331125
2017-06-16,-0.013957359987571066
2017-06-19,0.0037271899321727068
2017-06-20,0.015044111053462927
2017-06-21,0.003652152685390725
2017-06-22,0.009108807493246902
2017-06-23,-0.021575516624660954
2017-06-26,-0.01654602397923072
2017-06-27,0.0065556164853699745
2017-06-28,0.005065827682957406
2017-06-29,-0.0018294369564782263
2017-06-30,-0.008804210516913127
2017-07-03,-0.0037791632937665106
2017-07-04,-0.017509733967970086
2017-07-05,0.004239974675557848
2017-07-06,0.0056021521272229076
2017-07-07,0.004927158289887944
2017-07-10,0.004259283925862288
2017-07-11,0.004689135274978062
2017-07-12,0.02467133457795243
2017-07-13,0.013702858830518017
2017-07-14,0.0025092334268434617
2017-07-18,-0.0025849272596229446
2017-07-19,0.0018682072117532488
2017-07-20,-0.012170307822501024
2017-07-21,0.017616185389209678
2017-07-24,0.004390057829958317
2017-07-25,4.0675740128761733e-4
2017-07-26,-0.013961277952042928
2017-07-27,0.010207228863931458
2017-07-28,0.00799175289803879
2017-07-31,-7.964780384047609e-4
2017-08-01,-0.005982146863767545
2017-08-02,-0.00805640085618437
2017-08-03,0.0026112121475857985
2017-08-04,7.601998135195522e-4
2017-08-07,-0.02704729467953517
2017-08-08,0.007402591720362544
2017-08-09,-0.003184850726109301
2017-08-10,0.03253476964707035
2017-08-14,0.004219879188983548
2017-08-15,0.005490100461974965
2017-08-16,0.002810963218838109
2017-08-17,-6.618198180408687e-4
2017-08-18,0.007433228581386375
2017-08-21,0.0027853483639728133
2017-08-22,-0.0023715600084624144
2017-08-23,0.008950677357283365
2017-08-24,0.012449755754911357
2017-08-25,7.618125026175873e-4
2017-08-28,-0.0062062567013096304
2017-08-29,-0.0033458032841706393
2017-08-30,0.0031628982942782124
2017-08-31,-0.015566144720770472
2017-09-01,7.788929764347649e-4
2017-09-04,-0.007723719261307495
2017-09-05,0.012353331220885565
2017-09-06,0.013776351538835226
2017-09-07,-6.607615493458637e-4
2017-09-08,-0.01652625825104649
2017-09-11,0.008570486627363105
2017-09-12,0.015090308755680749
2017-09-13,-0.007276433681041596
2017-09-14,0.012469508677236193
2017-09-15,0.00590168027623829
2017-09-19,-8.9402588590563e-5
2017-09-20,0.00190898557328467
2017-09-21,0.005861180298592955
2017-09-22,-0.007744772637772858
2017-09-25,0.015066838175649912
2017-09-26,0.01238860559679146
2017-09-27,0.011521524767548181
2017-09-28,0.011866811801543567
2017-09-29,0.01924244955798439
2017-10-02,0.002461397669939131
2017-10-03,-0.001803797320511797
2017-10-04,-0.028142347866419892
2017-10-05,0.0018635605891685612
2017-10-06,0.013481498043751178
2017-10-10,-0.006183901495546693
2017-10-11,0.01127830602289464
2017-10-12,-0.0016648656182399987
2017-10-13,0.008053290298888361
2017-10-16,-0.0043780602587618215
2017-10-17,-0.00128496981873764
2017-10-18,-0.0032208729359255233
2017-10-19,-0.0040422703245214615
2017-10-20,-0.01073496528203986
2017-10-23,-0.010678430354018305
2017-10-24,0.010019756622392857
2017-10-25,0.0011755289833811607
2017-10-26,-0.0074156209931963675
2017-10-27,4.366087712705921e-5
2017-10-30,0.009347572845827701
2017-10-31,0.008231605562497002
2017-11-01,0.0017074817258937438
2017-11-02,0.0016066046552894195
2017-11-06,0.009391440232315534
2017-11-07,0.007172063963884306
2017-11-08,0.015538613561105244
2017-11-09,-0.01509285560511162
2017-11-10,-0.003783379487299017
2017-11-13,0.02379284653095558
2017-11-14,-0.009899064932698294
2017-11-15,-0.01681514457162884
2017-11-16,-0.004520246721611106
2017-11-17,-0.00544388034304679
2017-11-20,-0.005544191387673549
2017-11-21,-0.010272221075303536
2017-11-22,0.003007231462215394
2017-11-24,0.01427918805409939
2017-11-27,-0.0011694875199436444
2017-11-28,0.007224237665217518
2017-11-29,-6.184293671040296e-4
2017-11-30,1.8862679964604185e-4
2017-12-01,0.010815508621303156
2017-12-04,-1.6372040395600966e-4
2017-12-05,-3.641928113473063e-4
2017-12-06,0.008555175949837538
2017-12-07,0.005351986989688117
2017-12-08,-0.014486897611367028
2017-12-11,0.010142633926357591
2017-12-12,-0.025640315388396985
2017-12-13,0.005331142953771468
2017-12-14,1.3721489942596413e-4
2017-12-15,-0.004359999771077177
2017-12-18,0.01078751712411111
2017-12-19,-0.013272606486146712
2017-12-20,-0.014901611256654778
2017-12-21,-5.836240783801374e-4
2017-12-22,9.851393154940665e-4
2017-12-25,-0.0064279166925940686
2017-12-26,0.011219949195504324
2017-12-27,0.011361378787278595
2017-12-28,-0.00277548800243114
2017-12-29,0.00726569702742679
2018-01-04,-0.01535369853201347
2018-01-05,-0.005843366672738052
2018-01-09,-0.01543451009162844
2018-01-10,0.023770792075842748
2018-01-11,0.02179050495565087
2018-01-12,0.01938397622122115
2018-01-15,0.00880184682833348
2018-01-16,0.011144833278454171
2018-01-17,0.020935080545235994
2018-01-18,0.0075287799129090715
2018-01-19,0.007863687205583851
2018-01-22,-0.007695465071793135
2018-01-23,2.560169344104393e-4
2018-01-24,-0.006925268099851264
2018-01-25,-0.006705645362233287
2018-01-26,0.007442987564773744
2018-01-29,0.007941772815883711
2018-01-30,-0.011003192201909163
2018-01-31,0.009352895397925142
2018-02-01,0.010745876817284243
2018-02-02,-0.0032890229539767383
2018-02-05,0.007416177880363827
2018-02-06,0.00887997775162294
2018-02-07,-0.005887097943399299
2018-02-08,0.010618226545554967
2018-02-09,0.010901226670766038
2018-02-13,0.0010204485654379354
2018-02-14,0.005928555556020705
2018-02-15,-0.00566646893495848
2018-02-16,0.013982866456680695
2018-02-19,-0.006210389962998809
2018-02-20,-0.005835545554415551
2018-02-21,0.01136617912568158
2018-02-22,-3.8538824194497183e-4
2018-02-23,0.020691964003308458
2018-02-26,-0.015148769300191075
2018-02-27,-0.007443556293395786
2018-02-28,-0.014985932996017047
2018-03-01,0.005123937389888121
2018-03-02,0.010329944999566784
2018-03-05,0.006223551007047122
2018-03-06,0.024232488895390744
2018-03-07,0.012561266026368843
2018-03-08,-0.0027833609900888862
2018-03-09,0.0032048050170897895
2018-03-12,-0.01204089119579156
2018-03-13,0.010373724440491183
2018-03-14,0.005198439509740956
2018-03-15,-0.016304909245706715
2018-03-16,0.0010920292409110615
2018-03-19,-0.007701374289151919
2018-03-20,0.012749114680565549
2018-03-22,0.0026204280794717757
2018-03-23,0.004097826000447561
2018-03-26,-6.70186337440832e-4
2018-03-27,-0.011852364518315851
2018-03-28,-0.014217132442649652
2018-03-29,-0.009492369763180677
2018-03-30,0.011155249723517223
2018-04-02,-0.010696879836791205
2018-04-03,0.013388651314866383
2018-04-04,0.012885004955731418
2018-04-05,0.014337068763430681
2018-04-06,0.010361756746456747
2018-04-09,-0.001981701791495263
2018-04-10,-0.0036866981782091536
2018-04-11,-0.0016935843865917633
2018-04-12,-0.0029574120821435753
2018-04-13,-0.0015655354099475228
2018-04-16,0.005228356476520948
2018-04-17,0.005337275027572835
2018-04-18,0.014169809975193114
2018-04-19,-0.014386563198974814
2018-04-20,7.92857693223537e-4
2018-04-23,0.010173432868470987
2018-04-24,0.007393496217463667
2018-04-25,0.00038530570489454195
2018-04-26,0.0052375201123690505
2018-04-27,0.0011331430762814953
2018-05-01,0.007643719698107927
2018-05-02,-0.004590038083674951
2018-05-07,0.003851930797778684
2018-05-08,0.015326414066362988
2018-05-09,0.0068971065883471775
2018-05-10,0.011186685657963212
2018-05-11,0.008846859717526594
2018-05-14,0.005707322400787095
2018-05-15,0.006331384304279491
2018-05-16,0.0010527006908330136
2018-05-17,0.006051261616760188
2018-05-18,-0.006838491442991172
2018-05-21,-0.012346389923524836
2018-05-22,0.001893053693942324
2018-05-23,-0.023554667908454667
2018-05-24,-0.007643251703443147
2018-05-25,0.00924238784943898
2018-05-28,0.010655331115161901
2018-05-29,0.012120710336703719
2018-05-30,-0.004749934335800565
2018-05-31,0.006432390755705839
2018-06-01,0.004406129052203083
2018-06-04,7.753510564299659e-4
2018-06-05,-0.0016684561818017599
2018-06-06,0.0013231608524760744
2018-06-07,-0.00968309569247853
2018-06-08,-0.00982824632171581
2018-06-11,0.028398181127470612
2018-06-12,0.0012702087059386696
2018-06-13,0.002506992380013629
2018-06-14,-0.009915106625366609
2018-06-15,0.002159634572046142
2018-06-18,0.015552686535521816
2018-06-19,-0.01716132602829831
2018-06-20,-0.016856216615337417
2018-06-21,0.012639086444916715
2018-06-22,0.00408704639273072
2018-06-25,0.0037073054681290157
2018-06-26,0.005935422063454771
2018-06-27,0.0011570855990086376
2018-06-28,0.01824758452445908
2018-06-29,0.0059011859389663975
2018-07-02,-0.013346821619958217
2018-07-03,0.006508568774958339
2018-07-04,0.0015282402934395
2018-07-05,-5.606211933102425e-5
2018-07-06,-0.012259390654656008
2018-07-09,0.0049599982703450165
2018-07-10,0.013713441278481966
2018-07-11,0.008405591425072086
2018-07-12,0.01155642976343882
2018-07-13,0.014962846542794018
2018-07-17,5.49355114571012e-5
2018-07-18,-0.0027264689770133276
2018-07-19,-0.001343364968197287
2018-07-20,-0.012022597038826827
2018-07-23,-0.009895921251751674
2018-07-24,-0.009814941553396623
2018-07-25,-0.014619429828895877
2018-07-26,0.018044071437410037
2018-07-27,0.014062180526171813
2018-07-30,-0.018855504113612875
2018-07-31,4.940483998786804e-4
2018-08-01,0.004503138901134647
2018-08-02,-4.580388406729113e-4
2018-08-03,-0.017832030860237897
2018-08-06,9.668627838953829e-4
2018-08-07,-0.002622851975588825
2018-08-08,2.925001311114352e-4
2018-08-09,-0.0029414747518117968
2018-08-10,-0.011246953030123215
2018-08-13,0.010031110861764655
2018-08-14,-0.004278150065777384
2018-08-15,-0.005803674638747614
2018-08-16,-0.006801668067902721
2018-08-17,-0.007563451805312861
2018-08-20,-0.020203441330129062
2018-08-21,-0.0035083032886918694
2018-08-22,-0.019680231455206056
2018-08-23,0.001587339295649011
2018-08-24,-0.006062861084225852
2018-08-27,0.014065253287321982
2018-08-28,-0.01662169803739621
2018-08-29,-0.010500225884579112
2018-08-30,0.0014654288184388661
2018-08-31,0.0065355572363035705
2018-09-03,-0.0071951299817511645
2018-09-04,0.0071554515171301115
2018-09-05,-0.016841124991533545
2018-09-06,-0.00540498624366492
2018-09-07,-0.004727760063685099
2018-09-10,-4.421946529362177e-4
2018-09-11,0.0012529901648844824
2018-09-12,-0.006262396090097177
2018-09-13,0.00820352262768014
2018-09-14,-0.004991343265906176
2018-09-18,-0.004479027273134988
2018-09-19,-0.005384283633392455
2018-09-20,-0.014149233496118302
2018-09-21,-0.01924298934557439
2018-09-25,6.592558255873455e-4
2018-09-26,-0.0066131258179196505
2018-09-27,0.020714604679743204
2018-09-28,3.124737522121595e-4
2018-10-01,-0.01221571564495035
2018-10-02,0.00040315645478387684
2018-10-03,0.014193938538489485
2018-10-04,-0.006234572974420073
2018-10-05,0.014329898626050828
2018-10-09,-0.008237667333739897
2018-10-10,0.010292918719892925
2018-10-11,-0.013376931744484415
2018-10-12,-2.355735326617526e-4
2018-10-15,0.011481152074312216
2018-10-16,0.008757438002013777
2018-10-17,0.004362592454825125
2018-10-18,-0.012726589084434116
2018-10-19,0.001739012100333272
2018-10-22,-0.004287053758645621
2018-10-23,9.322382702213887e-4
2018-10-24,-0.0012230341708905565
2018-10-25,7.236727886253292e-4
2018-10-26,-0.0030584988430858227
2018-10-29,0.009877186243924802
2018-10-30,-0.0027274431981416537
2018-10-31,-0.014710339277643352
2018-11-01,0.007161111446151363
2018-11-02,0.0080581108917853
2018-11-05,0.011795126492185438
2018-11-06,0.004880208786993435
2018-11-07,0.002661520155130769
2018-11-08,-0.004204301616682588
2018-11-09,0.0015356285715422587
2018-11-12,-0.0039829416669909705
2018-11-13,0.01737062855406306
2018-11-14,-0.016485608197047415
2018-11-15,-0.012097109585827364
2018-11-16,-0.011278546302544289
2018-11-19,-0.026251054472034213
2018-11-20,0.012831234383207532
2018-11-21,0.007383537865036808
2018-11-22,-0.007208293821823619
2018-11-26,0.002232864778743795
2018-11-27,0.0162834233475302
2018-11-28,-0.019816720819412246
2018-11-29,0.00821913098661172
2018-11-30,0.008754075381960314
2018-12-03,-0.030616638855153908
2018-12-04,-0.007370981850300556
2018-12-05,0.01674968382636679
2018-12-06,-0.023694177678878953
2018-12-07,0.00504119912350422
2018-12-10,-0.010996657138452992
2018-12-11,-0.011204365271551801
2018-12-12,-0.01279265531861138
2018-12-13,-0.001134277565777232
2018-12-14,0.013320390645036082
2018-12-17,-0.020969889413216654
2018-12-18,0.009891940026197196
2018-12-19,-0.009501475355923878
2018-12-20,-0.00706447817498731
2018-12-21,-0.002575691522544348
2018-12-25,-0.0010907055105460525
2018-12-26,-0.003933378212571294
2018-12-27,0.0176820973768782
2018-12-28,0.014924326800712533
2019-01-04,-9.979109526676196e-4
2019-01-07,-0.0018414608127128888
2019-01-08,0.0020266327463309094
2019-01-09,-0.0021214740062653315
2019-01-10,0.017762471952415013
2019-01-11,-0.016370929808959163
2019-01-15,0.01184962488250191
2019-01-16,-0.001512026916449587
2019-01-17,0.004428771013904921
2019-01-18,0.019133221292247125
2019-01-21,0.008583010202012903
2019-01-22,-0.005471831256700728
2019-01-23,-0.011770920784087213
2019-01-24,0.01093475381781078
2019-01-25,0.005404720792402348
2019-01-28,-0.00577635283211283
2019-01-29,0.0062319407536882586
2019-01-30,-0.011625380012637703
2019-01-31,-0.009235571629733274
2019-02-01,0.005611226506831931
2019-02-04,0.003626413650846757
2019-02-05,0.0033458598183132883
2019-02-06,-0.012992674473441875
2019-02-07,0.003085158240900785
2019-02-08,-0.009907696893558422
2019-02-12,0.008857188680452504
2019-02-13,-0.004522560227112777
2019-02-14,-0.0071695252138705414
2019-02-15,-0.00870360240510366
2019-02-18,0.003959424431225049
2019-02-19,0.015908856974292465
2019-02-20,-0.0061628710409040825
2019-02-21,0.010595689525773614
2019-02-22,0.010932902573816353
2019-02-25,0.004525571099299516
2019-02-26,0.004921327398413416
2019-02-27,0.00231000496168215
2019-02-28,0.008761953712691896
2019-03-01,-7.136100660120026e-4
2019-03-04,0.008359664209931951
2019-03-05,0.004511569260903389
2019-03-06,0.0031561080380636056
2019-03-07,-0.0020597471795324824
2019-03-08,0.010782365106867265
2019-03-11,0.008644284430444125
2019-03-12,-0.009054291999624346
2019-03-13,-0.0032584602559483167
2019-03-14,0.0027331512714929436
2019-03-15,-0.01357242563463314
2019-03-18,0.014547781937995802
2019-03-19,7.48991191383389e-5
2019-03-20,0.0032352040823857
2019-03-22,0.003475752314379221
2019-03-25,-0.0037274310782368816
2019-03-26,0.013052595048886175
2019-03-27,0.004941205151076149
2019-03-28,-0.003149461878195232
2019-03-29,0.01797949731927658
2019-04-01,0.006781612550743278
2019-04-02,0.017130877589344617
2019-04-03,-0.006170925553003014
2019-04-04,0.0027110093341397436
2019-04-05,-0.009951526204583267
2019-04-08,0.002997524155808783
2019-04-09,0.017765966612086282
2019-04-10,0.01712755505911909
2019-04-11,-0.0015544658380976313
2019-04-12,0.0011896102307024604
2019-04-15,0.010087541041769782
2019-04-16,0.010708515347359403
2019-04-17,-0.004892225683753548
2019-04-18,-0.00761676962198827
2019-04-19,-0.011937109977870109
2019-04-22,-0.015907152620035492
2019-04-23,0.0032188885378784454
2019-04-24,0.02686665276525239
2019-04-25,-0.0011190772033731432
2019-04-26,0.006947936900869077
2019-05-07,0.026373437622739998
2019-05-08,-0.002591281242750674
2019-05-09,0.011684311077331774
2019-05-10,-0.020262875072950746
2019-05-13,-0.002771915982091551
2019-05-14,0.004146900495054553
2019-05-15,-0.005617689936714109
2019-05-16,0.01067620307682871
2019-05-17,-0.00314453028153201
2019-05-20,-0.006014322501756779
2019-05-21,-0.005352503214707483
2019-05-22,0.011823867313469709
2019-05-23,-0.012713336304319013
2019-05-24,-0.0033494121431570734
2019-05-27,-0.003964214173022972
2019-05-28,-0.01600430712788903
2019-05-29,0.007561464723858823
2019-05-30,-0.011012317883835443
2019-05-31,-0.003156576074374648
2019-06-03,0.01596274109580663
2019-06-04,1.0067040520597973e-4
2019-06-05,0.008023163215741654
2019-06-06,-0.0022082651659112097
2019-06-07,0.014794667888538098
2019-06-10,-0.0015707907925024721
2019-06-11,0.004006589764948923
2019-06-12,0.011212172739726873
2019-06-13,-0.008507690273475695
2019-06-14,-0.005055458740120454
2019-06-17,-0.019603443231840306
2019-06-18,0.00535906779299057
2019-06-19,0.01046330300084959
2019-06-20,0.012520349246142875
2019-06-21,0.0032463275985105114
2019-06-24,-0.0036595543346810582
2019-06-25,-0.0025846383368726376
2019-06-26,0.0026301643275697343
2019-06-27,-0.009985957890494468
2019-06-28,0.010290675873159068
2019-07-01,-0.012753615364888941
2019-07-02,0.010683437900747796
2019-07-03,-0.012087195162398121
2019-07-04,0.013431268306526222
2019-07-05,0.009302616528788986
2019-07-08,0.006171562482849104
2019-07-09,0.0020166049365091905
2019-07-10,-0.0015482114743083854
2019-07-11,0.010737643153316764
2019-07-12,-0.010251428155195317
2019-07-16,-0.013093175271521772
2019-07-17,0.0050952503757852015
2019-07-18,0.009531008660981386
2019-07-19,-0.004245180921295839
2019-07-22,0.0076795664890564035
2019-07-23,0.012238491799230682
2019-07-24,0.003447258499837771
2019-07-25,-0.006458218942711143
2019-07-26,0.01458815521865519
2019-07-29,0.005166827558906478
2019-07-30,-0.01191145389562589
2019-07-31,-0.008520244000845285
2019-08-01,-0.010859016852993224
2019-08-02,0.0032069937596285367
2019-08-05,-0.0030071388280188856
2019-08-06,-0.011533799507862997
2019-08-07,-7.94333400942453e-4
2019-08-08,8.076045161367934e-4
2019-08-09,-7.555999930999698e-4
2019-08-13,0.003264356777967137
2019-08-14,0.00675498245988927
2019-08-15,3.697974095114375e-4
2019-08-16,0.004126749423079462
2019-08-19,0.008487087245408562
2019-08-20,-0.012384018834036094
2019-08-21,-9.190084438570147e-4
2019-08-22,-0.002924232596686208
2019-08-23,-0.021148635636887163
2019-08-26,0.01827370913324089
2019-08-27,-0.004100223482745429
2019-08-28,0.012998969889657095
2019-08-29,0.001356640644760031
2019-08-30,0.011070674665755498
2019-09-02,-0.0030195273957144848
2019-09-03,0.0129611848232464
2019-09-04,0.010409722434450378
2019-09-05,-0.014012133422831577
2019-09-06,0.013969451102159513
2019-09-09,-0.01195096917020199
2019-09-10,-0.015269326063621068
2019-09-11,8.311779450282049e-5
2019-09-12,0.004747702653781674
2019-09-13,0.008532926656141854
2019-09-17,0.0016526250235657266
2019-09-18,-0.01834140831483442
2019-09-19,0.02672436563579808
2019-09-20,0.022443077026857165
2019-09-24,-0.004937875701350857
2019-09-25,-0.004622994534776728
2019-09-26,-0.0016380767018978589
2019-09-27,0.004211465911222394
2019-09-30,-3.0037927705608098e-5
2019-10-01,-0.0063420589419590084
2019-10-02,-0.003629413660274646
2019-10-03,-0.026313599727403242
2019-10-04,-0.001257302457655096
2019-10-07,-0.0018750862063663322
2019-10-08,-0.004943319941332918
2019-10-09,-0.010980805915562738
2019-10-10,-0.006596821281150019
2019-10-11,0.006479656197757266
2019-10-15,0.0033542782165757266
2019-10-16,0.0018217100046416161
2019-10-17,-9.55638557579708e-4
2019-10-18,-0.004621103163370853
2019-10-21,-0.008808657379647538
2019-10-23,-0.013694308617529433
2019-10-24,-0.001457135130540381
2019-10-25,-6.703174202333746e-4
2019-10-28,0.005861452024340847
2019-10-29,-0.005995649330398084
2019-10-30,0.010170210792452427
2019-10-31,0.004846974964934536
2019-11-01,-6.073496800320593e-4
2019-11-05,-0.010844381440648976
2019-11-06,-0.006405907643234605
2019-11-07,-0.014169800551039329
2019-11-08,0.0018923942994147134
2019-11-11,0.01960451279319612
2019-11-12,0.0010221910266859648
2019-11-13,-4.721636828893384e-4
2019-11-14,-0.007941974192284304
2019-11-15,0.013457905886818548
2019-11-18,-0.006464762753350018
2019-11-19,0.010162559194051467
2019-11-20,0.015234117798346504
2019-11-21,0.003197666683294849
2019-11-22,0.009172768444064418
2019-11-25,-0.006083634783438976
2019-11-26,-0.0036918431630336866
2019-11-27,-0.002337715167411329
2019-11-28,0.007927419004889785
2019-11-29,0.010606758081399296
2019-12-02,0.012918087054826458
2019-12-03,-0.009854748508826698
2019-12-04,-0.013810930259927235
2019-12-05,0.00423950809406501
2019-12-06,-0.00805790299508642
2019-12-09,-0.0013315863521058573
2019-12-10,0.020294540426949365
2019-12-11,-0.001914224982774955
2019-12-12,0.005175426416607064
2019-12-13,-0.008794619583584209
2019-12-16,0.005741942802010801
2019-12-17,-0.0053612438700220534
2019-12-18,0.008990852396031002
2019-12-19,0.01591912575242142
2019-12-20,-0.004313451268447715
2019-12-23,0.006714413840264904
2019-12-24,-0.002750458279669956
2019-12-25,-0.007008626019873049
2019-12-26,5.224151644842587e-4
2019-12-27,0.010534604671821721
2019-12-30,-0.008956604317914466
2020-01-06,-0.012159564976641876
2020-01-07,-0.0017598151549402818
2020-01-08,0.010182731291656876
2020-01-09,-0.02016402553401028
2020-01-10,-0.008076254603187383
2020-01-14,-0.012043889820525061
2020-01-15,0.010843614536348994
2020-01-16,-0.009083668334981126
2020-01-17,0.004360659031730054
2020-01-20,0.011016527682731899
2020-01-21,0.0014154650504142347
2020-01-22,-0.012039764280663025
2020-01-23,0.0032906573276539515
2020-01-24,0.008390204484550225
2020-01-27,0.00405319124262321
2020-01-28,0.013337610385829885
2020-01-29,-0.004974058548334062
2020-01-30,0.009192483733859898
2020-01-31,-0.0029296525135861467
2020-02-03,-0.002301786099340209
2020-02-04,-0.007025596011565821
2020-02-05,0.0011803548220400619
2020-02-06,0.007869053485852531
2020-02-07,0.0036385559400042462
2020-02-10,0.00232510711345042
2020-02-12,0.002392397799311749
2020-02-13,6.120346968662702e-4
2020-02-14,-0.0027138284235598067
2020-02-17,0.01658160304939008
2020-02-18,0.011372791324729502
2020-02-19,-3.9468186161583285e-4
2020-02-20,-0.001267311159237195
2020-02-21,0.0025984445340555356
2020-02-25,-0.002634109292591021
2020-02-26,0.016322870881515024
2020-02-27,0.0019785305103725273
2020-02-28,0.00771197702154924
2020-03-02,0.006108997617164789
2020-03-03,0.013645342644596903
2020-03-04,-0.006821013174657494
2020-03-05,0.013502771885525925
2020-03-06,0.011934124903087278
2020-03-09,0.004069503139115515
2020-03-10,-0.003991623518025776
2020-03-11,-0.012907609055353318
2020-03-12,0.0038465391195099657
2020-03-13,0.014102173278738576
2020-03-16,-0.005702650440199291
2020-03-17,0.0010827962415299408
2020-03-18,0.0034658896905203984
2020-03-19,-0.006756318636901664
2020-03-23,0.012544526176684325
2020-03-24,-0.012080734089757595
2020-03-25,0.02578763851304423
2020-03-26,-0.018173059690913474
2020-03-27,-0.01407104290670978
2020-03-30,-0.009128019148941558
2020-03-31,0.010154098364575228
2020-04-01,-0.0018220770670291054
2020-04-02,0.009149065903557765
2020-04-03,0.011634205361333775
2020-04-06,-0.01372297294220993
2020-04-07,-0.008111932268698347
2020-04-08,0.0021994786308542334
2020-04-09,-0.0029924367434426623
2020-04-10,0.004288992788660686
2020-04-13,0.009663678214739542
2020-04-14,0.011607366306261612
2020-04-15,-0.009232843275236892
2020-04-16,0.012050708084946437
2020-04-17,-0.011567488680379049
2020-04-20,-0.01247465459914939
2020-04-21,0.007505997721983695
2020-04-22,-0.012286778759642552
2020-04-23,0.009199726546741886
2020-04-24,0.0022634423523878538
2020-04-27,0.002154697815246403
2020-04-28,0.008685183798040275
2020-04-30,0.012209029589636362
2020-05-01,0.004308213384062977
2020-05-07,-4.2138409519706135e-4
2020-05-08,-0.024771929632847984
2020-05-11,0.001078731529431036
2020-05-12,0.0086388029251859
2020-05-13,0.007607707289396519
2020-05-14,-0.0027056333199142954
2020-05-15,-0.001094039041992698
2020-05-18,-0.006853662081582758
2020-05-19,0.00550778379855966
2020-05-20,0.007928666389198848
2020-05-21,-0.003261968789827027
2020-05-22,0.014884201755318828
2020-05-25,-0.00827613331564745
2020-05-26,0.007480766195982976
2020-05-27,0.014230412683155084
2020-05-28,-7.622575734163187e-4
2020-05-29,-0.004339872796332916
2020-06-01,-0.013380133391981526
2020-06-02,0.001518667733568426
2020-06-03,0.008846898906002569
2020-06-04,-0.010495223714238404
2020-06-05,0.004953368291575497
2020-06-08,-0.008080409211879759
2020-06-09,0.014935312330924195
2020-06-10,-0.01945709935789161
2020-06-11,0.006583144193662453
2020-06-12,-0.012539333491404852
2020-06-15,-0.014712624240745157
2020-06-16,0.004548666476381035
2020-06-17,-0.0184891830904379
2020-06-18,-0.0024104159966232964
2020-06-19,-0.008749279923246605
2020-06-22,0.01136865417386248
2020-06-23,-0.015541520308333757
2020-06-24,0.0028494937255350364
2020-06-25,-0.010348451559725363
2020-06-26,0.007051628369011407
2020-06-29,7.290183017976393e-4
2020-06-30,0.006466030626173245
2020-07-01,-0.003951032747323117
2020-07-02,0.012671075445603898
2020-07-03,-0.004581607689113139
2020-07-06,-0.010782818384292655
2020-07-07,0.006941321533633479
2020-07-08,-0.0033823894945410144
2020-07-09,0.012395847779464978
2020-07-10,0.011829523314564269
2020-07-13,0.0200732997666733
2020-07-14,0.004386211343111116
2020-07-15,-0.0017231155998209812
2020-07-16,-0.026521799364310282
2020-07-17,0.004771568557034386
2020-07-20,0.01830172460083583
2020-07-21,-0.0014732308439077044
2020-07-22,0.008452383265318754
2020-07-27,0.010545368649037283
2020-07-28,-0.0023123391073761102
2020-07-29,0.0037752446998900865
2020-07-30,0.007453399036604853
2020-07-31,0.010568081172384731
2020-08-03,0.010116410158760162
2020-08-04,9.805058862341457e-6
2020-08-05,0.005735180054288298
2020-08-06,-0.009994390567938142
2020-08-07,-0.008953095529379956
2020-08-11,0.01576094820889084
2020-08-12,-0.004839316055014135
2020-08-13,-3.1774940350664133e-4
2020-08-14,-0.0053319432970176436
2020-08-17,-0.0060874797843547546
2020-08-18,0.011477548601358283
2020-08-19,-0.007171204274158819
2020-08-20,-0.008654257380495004
2020-08-21,0.008400068654559452
2020-08-24,0.002544691514012394
2020-08-25,0.025758996431968096
2020-08-26,-0.004442176455497557
2020-08-27,-0.014387295912615481
2020-08-28,0.007639425292496923
2020-08-31,-0.01698929245421387
2020-09-01,-0.018835151573393664
2020-09-02,0.009429919159635272
2020-09-03,-0.005346868614038553
2020-09-04,0.010142648556038063
2020-09-07,-0.007395334926929751
2020-09-08,-0.00708845967145562
2020-09-09,-0.0015421775652405126
2020-09-10,0.0076691689153751425
2020-09-11,-0.010562306631502778
2020-09-14,-0.0047058269419166555
2020-09-15,-0.011276139127073663
2020-09-16,-0.0028181678683557128
2020-09-17,-0.02698377046506772
2020-09-18,-0.003463961440080045
2020-09-23,-0.0014231175141094894
2020-09-24,0.003002359628077077
2020-09-25,0.00390755669890765
2020-09-28,-0.0017200118028913212
2020-09-29,2.6442652514194485e-4
2020-09-30,0.004579304283833596
2020-10-02,-2.995344340165321e-4
2020-10-05,-0.004036795623867384
2020-10-06,-0.01845525217221007
2020-10-07,-0.005715818531221029
2020-10-08,-0.0063382679840264826
2020-10-09,-0.010309815174725722
2020-10-12,0.013654926497453175
2020-10-13,-0.0036834197467007315
2020-10-14,0.016536301296524423
2020-10-15,-0.018570331958472776
2020-10-16,-0.0020840260348081027
2020-10-19,0.003167114904412338
2020-10-20,-0.005332018402606964
2020-10-21,0.0012611155671124314
2020-10-22,0.006880688902491626
2020-10-23,0.020518926573977626
2020-10-26,-0.005025263147494307
2020-10-27,0.014710611003592531
2020-10-28,-0.019598268542129295
2020-10-29,-0.0016689350967560943
2020-10-30,0.03354412646752088
2020-11-02,0.0021718887789843396
2020-11-04,-0.009341704261555298
2020-11-05,-0.013390232107986061
2020-11-06,-0.008902924058621012
2020-11-09,-0.017338993214642717
2020-11-10,0.02597018278748656
2020-11-11,0.0031553811486674434
2020-11-12,-0.011924575927900862
2020-11-13,0.0010992267886166878
2020-11-16,0.013408578032646522
2020-11-17,8.641535841447103e-5
2020-11-18,0.005554346934137531
2020-11-19,0.002723909402648168
2020-11-20,-0.004040960253291586
2020-11-24,0.010994235623488108
2020-11-25,0.0023739359739940943
2020-11-26,0.016620254958748155
2020-11-27,-0.001243578262104798
2020-11-30,-0.008078832362540369
2020-12-01,9.905549593026166e-4
2020-12-02,0.0025865456207829875
2020-12-03,-0.01010565148910234
2020-12-04,-0.005636945230532373
2020-12-07,3.13823718019217e-4
2020-12-08,-0.011842949434043149
2020-12-09,-0.009109398293111267
2020-12-10,0.0037632381337832544
2020-12-11,0.0023102710696158634
2020-12-14,-0.0066347560465983
2020-12-15,0.009811774373607765
2020-12-16,-0.002498997507469105
2020-12-17,-0.02549584830089903
2020-12-18,0.003467018124548026
2020-12-21,0.013823502284723599
2020-12-22,0.005855698669564444
2020-12-23,-7.325511826356431e-5
2020-12-24,-0.013705139324881828
2020-12-25,-0.0015437562622852654
2020-12-28,0.017401090184664684
2020-12-29,0.0021486717476198983
2020-12-30,-0.008126910371006556
